1/28_gc1 (Time),1/28_gc1 (Lp/Rp),3/10_gc1-1 (Time),3/10_gc1-1 (Lp/Rp),3/10_gc1-2 (Time),3/10_gc1-2 (Lp/Rp),3/10_gc1-3 (Time),3/10_gc1-3 (Lp/Rp),3/10_gc2-1 (Time),3/10_gc2-1 (Lp/Rp),3/10_gc2-2 (Time),3/10_gc2-2 (Lp/Rp),3/10_gc2-3 (Time),3/10_gc2-3 (Lp/Rp),7/7_gc1(Time),7/7_gc1(Lp/Rp),7/28_gc1-1(Time),7/28_gc1-1(Lp/Rp),7/28_gc1-2(Time),7/28_gc1-2(Lp/Rp),7/28_gc1-3(Time),7/28_gc1-3(Lp/Rp),8/4_gc1(Time),8/4_gc1(Lp/Rp),8/5_gc1(Time),8/5_gc1(Lp/Rp),8/6_gc1(Time),8/6_gc1(Lp/Rp)
0,5.070893074,0,0.4971463798,0,0.4971463798,0,0.3977171038,0,0.6960049317,0,0.9942927596,0,1.193151311,0,1.491439139,0,6.271692791,0,4.436075389,0,6.118724674,0,1.988585519,0,1.846543696,0,6.214329747
1,5.070893074,2,0.9942927596,2,0.8948634836,2,0.4971463798,2,0.6960049317,2,1.093722036,2,1.093722036,1,1.690297691,1,6.424660908,1,5.200915973,1,6.118724674,2,1.856013151,2,1.704501874,2,6.462902937
2,5.269751626,4,1.193151311,4,1.292580587,4,0.8948634836,4,0.8948634836,4,0.9942927596,4,1.093722036,2,1.491439139,2,6.883565258,2,5.812788441,2,6.730597142,4,1.988585519,4,1.846543696,4,6.090043152
3,5.17032235,6,1.392009863,6,1.491439139,6,0.9942927596,6,0.7954342076,6,1.093722036,6,1.093722036,3,1.590868415,3,7.342469609,3,6.271692791,3,6.424660908,6,2.121157887,6,1.846543696,6,6.214329747
4,5.269751626,8,1.590868415,8,1.889156243,8,1.292580587,8,0.7954342076,8,1.093722036,8,1.193151311,4,1.491439139,4,7.495437726,4,6.883565258,4,7.189501492,8,2.253730255,8,1.846543696,8,6.338616342
5,5.468610178,10,1.690297691,10,2.088014795,10,1.491439139,10,0.8948634836,10,1.193151311,10,1.292580587,5,1.690297691,5,8.107310193,5,7.036533375,5,NaN,10,2.253730255,10,1.846543696,10,6.587189532
6,5.667468729,12,1.988585519,12,2.286873347,12,1.690297691,12,0.8948634836,12,1.193151311,12,1.193151311,6,1.690297691,6,9.178087011,6,7.495437726,6,8.26027831,12,2.253730255,12,1.846543696,12,6.214329747
7,5.568039454,14,2.286873347,14,2.585161175,14,1.789726967,14,0.9942927596,14,1.193151311,14,1.193151311,7,1.590868415,7,9.484023245,7,8.413246427,7,9.178087011,14,2.386302623,14,1.704501874,14,6.835762722
8,5.568039454,16,2.386302623,16,2.684590451,16,1.889156243,16,1.093722036,16,1.193151311,16,1.292580587,8,1.690297691,8,9.636991362,8,8.872150778,8,9.331055128,16,2.518874991,16,1.846543696,16,6.462902937
9,5.766898005,18,2.386302623,18,2.784019727,18,1.988585519,18,0.9942927596,18,1.193151311,18,1.193151311,9,1.690297691,9,10.09589571,9,9.178087011,9,9.636991362,18,2.518874991,18,1.846543696,18,6.587189532
10,5.866327281,20,2.485731899,20,2.883449003,20,2.187444071,20,1.093722036,20,1.292580587,20,1.193151311,10,1.590868415,10,10.40183195,10,9.484023245,10,9.484023245,20,2.518874991,20,1.988585519,20,6.587189532
11,5.766898005,22,2.684590451,22,2.982878279,22,2.286873347,22,1.093722036,22,1.193151311,22,1.093722036,11,1.590868415,11,10.24886383,11,9.789959479,11,9.331055128,22,2.518874991,22,1.988585519,22,6.960049317
12,5.965756557,24,2.784019727,24,3.082307555,24,2.485731899,24,0.9942927596,24,1.093722036,24,1.193151311,12,1.590868415,12,11.01370441,12,9.942927596,12,10.09589571,24,2.784019727,24,1.988585519,24,7.084335912
13,5.965756557,26,2.883449003,26,3.380595383,26,2.585161175,26,0.9942927596,26,1.093722036,26,1.292580587,13,1.690297691,13,11.01370441,13,10.24886383,13,10.24886383,26,2.651447359,26,1.988585519,26,6.835762722
14,5.965756557,28,3.082307555,28,3.480024658,28,2.684590451,28,0.9942927596,28,1.292580587,28,1.292580587,14,1.690297691,14,11.01370441,14,10.40183195,14,10.40183195,28,2.651447359,28,2.130627342,28,7.208622507
15,6.065185833,30,3.082307555,30,3.579453934,30,2.585161175,30,0.9942927596,30,1.193151311,30,1.392009863,15,1.690297691,15,11.47260876,15,10.55480006,15,10.8607363,30,2.651447359,30,1.988585519,30,7.084335912
16,6.164615109,32,3.082307555,,,30,2.684590451,32,0.9942927596,32,1.193151311,32,1.292580587,16,1.690297691,16,11.62557688,16,11.01370441,16,11.01370441,32,2.651447359,32,1.988585519,32,7.084335912
17,6.264044385,34,3.281166107,,,30,2.784019727,34,0.8948634836,34,1.193151311,34,1.392009863,17,1.690297691,17,12.08448123,17,11.16667253,17,11.31964065,34,2.916592095,34,1.988585519,34,7.457195697
18,6.264044385,36,3.281166107,,,30,2.883449003,36,1.093722036,36,1.292580587,36,1.292580587,18,1.789726967,18,12.39041747,18,11.778545,18,11.778545,36,2.916592095,36,1.988585519,36,7.208622507
19,6.264044385,38,3.67888321,,,30,2.982878279,38,1.193151311,38,1.193151311,38,1.392009863,19,1.690297691,19,12.6963537,19,11.778545,19,12.08448123,38,3.049164463,38,2.130627342,38,7.457195697
20,6.462902937,40,3.67888321,,,30,3.082307555,40,1.093722036,40,1.392009863,40,1.292580587,20,1.690297691,20,13.00228993,20,12.23744935,20,11.93151311,40,3.049164463,40,2.130627342,40,7.332909102
21,6.363473661,42,3.877741762,,,,,42,1.093722036,42,1.392009863,42,1.392009863,21,1.491439139,21,13.15525805,21,12.39041747,21,12.39041747,42,2.916592095,42,2.130627342,42,7.332909102
22,6.562332213,44,3.778312486,,,,,44,1.093722036,44,1.292580587,44,1.193151311,22,1.690297691,22,13.46119428,22,12.6963537,22,12.08448123,44,3.049164463,44,1.988585519,44,7.457195697
23,6.562332213,,,,,,,46,1.093722036,46,1.392009863,46,1.392009863,23,1.491439139,23,13.76713052,23,13.00228993,23,13.6141624,46,2.916592095,46,1.988585519,46,7.332909102
24,6.761190765,,,,,,,48,0.9942927596,48,1.292580587,48,1.392009863,24,1.690297691,24,14.07306675,24,13.15525805,24,13.00228993,48,3.049164463,48,2.130627342,48,7.705768887
25,6.562332213,,,,,,,50,0.9942927596,50,1.392009863,50,1.491439139,25,1.590868415,25,14.37900298,25,13.46119428,25,12.84932182,50,3.181736831,50,1.988585519,50,7.332909102
26,6.761190765,,,,,,,52,1.093722036,52,1.392009863,52,1.392009863,26,1.789726967,26,14.83790733,26,13.6141624,26,13.30822617,52,3.181736831,52,2.272669165,52,7.705768887
27,6.761190765,,,,,,,54,0.9942927596,54,1.491439139,54,1.491439139,27,1.690297691,27,15.14384357,27,13.92009863,27,13.30822617,54,3.314309199,54,2.130627342,54,7.457195697
28,6.562332213,,,,,,,56,0.9942927596,56,1.392009863,56,1.392009863,28,1.690297691,28,15.60274792,28,14.07306675,28,13.76713052,56,3.314309199,56,2.130627342,56,7.581482292
29,6.960049317,,,,,,,58,0.9942927596,58,1.491439139,58,1.491439139,29,1.690297691,29,15.75571604,29,14.22603487,29,13.6141624,58,3.446881566,58,2.272669165,58,7.581482292
30,6.960049317,,,,,,,60,1.093722036,60,1.491439139,60,1.392009863,30,1.889156243,30,16.06165227,30,14.5319711,30,14.07306675,60,3.446881566,60,2.130627342,60,7.332909102
31,6.860620041,,,,,,,62,0.9942927596,62,1.392009863,62,1.491439139,31,1.889156243,31,16.21462039,31,14.68493922,31,14.22603487,62,3.446881566,62,2.272669165,62,7.705768887
32,7.059478593,,,,,,,64,1.093722036,64,1.590868415,64,1.491439139,32,1.789726967,32,16.3675885,32,14.99087545,32,14.5319711,64,3.579453934,64,2.130627342,64,7.581482292
33,6.960049317,,,,,,,66,0.9942927596,66,1.590868415,66,1.392009863,33,1.590868415,33,16.52055662,33,15.29681169,33,14.22603487,66,3.579453934,66,2.272669165,66,7.954342076
34,7.059478593,,,,,,,68,0.7954342076,68,1.392009863,68,1.392009863,34,1.789726967,34,16.82649285,,,34,14.83790733,68,3.446881566,68,2.272669165,68,7.705768887
35,7.059478593,,,,,,,70,1.093722036,70,1.491439139,70,1.590868415,35,1.889156243,35,17.13242909,,,35,15.4497798,70,3.579453934,70,2.130627342,70,8.078628671
36,7.158907869,,,,,,,72,1.193151311,72,1.491439139,72,1.392009863,36,1.789726967,36,17.43836532,,,36,15.4497798,72,3.84459867,72,2.130627342,72,7.830055482
37,7.258337145,,,,,,,74,0.9942927596,74,1.392009863,74,1.491439139,37,1.789726967,37,17.74430156,,,37,15.75571604,74,3.84459867,74,2.130627342,74,7.830055482
38,7.258337145,,,,,,,76,0.8948634836,76,1.392009863,76,1.392009863,38,1.789726967,38,18.05023779,,,38,15.60274792,76,4.109743406,76,2.130627342,76,8.202915266
39,7.258337145,,,,,,,78,0.8948634836,78,1.491439139,78,1.491439139,39,1.889156243,39,18.35617402,,,39,15.90868415,78,3.977171038,78,2.272669165,78,8.078628671
40,7.357766421,,,,,,,80,0.9942927596,80,1.491439139,80,1.590868415,40,1.590868415,40,18.50914214,,,40,16.3675885,80,4.374888142,80,2.414710988,80,7.830055482
41,7.357766421,,,,,,,82,1.093722036,82,1.590868415,82,1.590868415,41,1.789726967,41,18.81507837,,,41,16.82649285,82,4.374888142,82,2.272669165,82,7.830055482
42,7.457195697,,,,,,,84,0.7954342076,84,1.491439139,84,1.590868415,42,1.789726967,42,19.12101461,,,42,16.21462039,84,4.242315774,84,2.272669165,84,8.078628671
43,7.457195697,,,,,,,86,0.9942927596,86,1.491439139,86,1.590868415,43,1.889156243,43,19.27398272,,,43,16.82649285,86,4.50746051,86,2.272669165,86,8.078628671
44,7.457195697,,,,,,,88,0.9942927596,88,1.491439139,88,1.590868415,44,1.690297691,44,19.57991896,,,44,17.43836532,88,4.50746051,88,2.272669165,88,8.078628671
45,7.755483525,,,,,,,90,1.093722036,90,1.491439139,90,1.590868415,45,1.889156243,45,19.57991896,,,45,17.74430156,90,4.640032878,90,2.272669165,90,8.327201861
46,7.656054249,,,,,,,92,1.093722036,92,1.590868415,92,1.491439139,46,1.988585519,46,19.88585519,,,46,18.35617402,92,4.50746051,92,2.130627342,92,8.202915266
47,7.755483525,,,,,,,94,1.093722036,94,1.590868415,94,1.491439139,47,1.789726967,,,,,47,18.35617402,94,4.50746051,94,2.272669165,94,8.575775051
48,7.755483525,,,,,,,96,1.093722036,96,1.590868415,96,1.491439139,48,1.789726967,,,,,48,18.35617402,96,4.640032878,96,2.272669165,96,8.202915266
49,7.755483525,,,,,,,98,1.292580587,98,1.690297691,98,1.392009863,49,1.690297691,,,,,49,18.35617402,98,4.374888142,98,2.272669165,98,8.700061646
50,7.854912801,,,,,,,100,1.193151311,100,1.590868415,100,1.491439139,50,1.690297691,,,,,50,18.66211026,100,4.905177614,100,2.130627342,100,8.451488456
51,7.854912801,,,,,,,102,1.193151311,102,1.590868415,102,1.491439139,51,1.789726967,,,,,51,18.96804649,102,4.640032878,102,2.414710988,102,8.700061646
52,7.854912801,,,,,,,104,1.193151311,104,1.491439139,104,1.392009863,52,1.988585519,,,,,52,18.81507837,104,4.905177614,104,2.272669165,104,8.451488456
53,7.954342076,,,,,,,106,1.193151311,106,1.491439139,106,1.491439139,53,1.789726967,,,,,53,19.42695084,106,4.905177614,106,2.414710988,106,8.948634836
54,7.954342076,,,,,,,108,1.193151311,108,1.491439139,108,1.491439139,54,1.988585519,,,,,54,19.27398272,108,4.905177614,108,2.272669165,108,8.575775051
55,8.053771352,,,,,,,110,1.193151311,110,1.590868415,110,1.590868415,55,1.889156243,,,,,55,19.42695084,110,5.17032235,110,2.414710988,110,8.700061646
56,8.153200628,,,,,,,112,1.292580587,112,1.590868415,112,1.590868415,56,1.789726967,,,,,56,19.57991896,112,5.17032235,112,2.272669165,112,8.575775051
57,8.252629904,,,,,,,114,1.292580587,114,1.690297691,114,1.590868415,57,1.889156243,,,,,57,19.88585519,114,5.302894718,114,2.414710988,114,8.575775051
58,8.153200628,,,,,,,116,1.193151311,116,1.690297691,116,1.690297691,58,1.789726967,,,,,58,20.19179142,116,5.700611821,116,2.272669165,116,8.824348241
59,8.252629904,,,,,,,118,1.292580587,118,1.690297691,118,1.690297691,59,1.889156243,,,,,59,21.10960013,118,5.833184189,118,2.272669165,118,8.575775051
60,8.35205918,,,,,,,120,1.292580587,120,1.789726967,120,1.789726967,60,1.988585519,,,,,60,20.34475954,120,5.965756557,120,2.272669165,120,8.824348241
61,8.35205918,,,,,,,122,1.392009863,122,1.690297691,122,1.789726967,61,1.889156243,,,,,61,20.65069578,122,6.098328925,122,2.272669165,122,8.575775051
62,8.252629904,,,,,,,124,1.193151311,124,1.690297691,124,1.789726967,62,1.988585519,,,,,62,20.65069578,124,6.098328925,124,2.414710988,124,8.824348241
63,8.451488456,,,,,,,126,1.193151311,126,1.690297691,126,1.690297691,63,1.889156243,,,,,63,20.80366389,126,6.098328925,126,2.272669165,126,8.700061646
64,8.650347008,,,,,,,128,1.392009863,128,1.590868415,128,1.789726967,64,1.889156243,,,,,64,20.95663201,128,6.098328925,128,2.414710988,128,8.700061646
65,8.550917732,,,,,,,130,1.292580587,130,1.690297691,130,1.690297691,65,1.988585519,,,,,65,21.56850448,130,6.098328925,130,2.55675281,130,8.948634836
66,8.550917732,,,,,,,132,1.193151311,132,1.690297691,132,1.590868415,66,1.789726967,,,,,66,21.56850448,132,6.098328925,132,2.414710988,132,8.824348241
67,8.650347008,,,,,,,134,1.292580587,134,1.690297691,134,1.690297691,67,1.889156243,,,,,67,22.18037694,134,6.230901293,134,2.414710988,134,8.948634836
68,8.550917732,,,,,,,136,1.292580587,136,1.889156243,136,1.590868415,68,1.988585519,,,,,68,22.02740883,136,5.965756557,136,2.414710988,136,8.948634836
69,8.749776284,,,,,,,138,1.193151311,138,1.690297691,138,1.590868415,69,1.789726967,,,,,69,21.87444071,138,6.230901293,138,2.414710988,138,9.321494621
70,8.84920556,,,,,,,140,1.193151311,140,1.789726967,140,1.590868415,70,1.789726967,,,,,70,22.18037694,140,6.230901293,140,2.55675281,140,8.948634836
71,8.84920556,,,,,,,142,1.292580587,142,1.590868415,142,1.789726967,71,1.789726967,,,,,71,22.33334506,142,6.230901293,142,2.698794633,142,9.072921431
72,8.749776284,,,,,,,144,1.292580587,144,1.690297691,144,1.690297691,72,1.988585519,,,,,72,23.09818565,144,6.230901293,144,2.414710988,144,9.072921431
73,8.749776284,,,,,,,146,1.292580587,146,1.690297691,146,1.590868415,73,1.789726967,,,,,73,22.48631318,146,6.230901293,146,2.55675281,146,9.197208026
74,8.84920556,,,,,,,148,1.292580587,148,1.789726967,148,1.590868415,74,1.789726967,,,,,74,22.94521753,148,6.363473661,148,2.698794633,148,9.072921431
75,8.84920556,,,,,,,150,1.292580587,150,1.789726967,150,1.789726967,75,1.988585519,,,,,75,23.55709,150,6.363473661,150,2.414710988,,
76,8.948634836,,,,,,,152,1.292580587,152,1.690297691,152,1.690297691,76,1.988585519,,,,,76,24.16896246,152,6.363473661,152,2.55675281,,
77,8.948634836,,,,,,,154,1.292580587,154,1.690297691,154,1.690297691,77,1.988585519,,,,,77,24.4748987,154,6.363473661,154,2.698794633,,
78,9.147493388,,,,,,,156,1.292580587,156,1.690297691,156,1.690297691,78,2.088014795,,,,,78,23.55709,156,6.628618397,156,2.698794633,,
79,9.048064112,,,,,,,158,1.392009863,158,1.789726967,158,1.690297691,79,1.889156243,,,,,79,24.4748987,158,6.496046029,158,2.698794633,,
80,9.246922664,,,,,,,160,1.392009863,160,1.690297691,160,1.789726967,80,1.988585519,,,,,80,24.32193058,160,6.628618397,160,2.698794633,,
81,9.246922664,,,,,,,162,1.491439139,162,1.690297691,162,1.789726967,81,1.988585519,,,,,81,24.4748987,162,6.761190765,162,2.698794633,,
82,9.147493388,,,,,,,164,1.392009863,164,1.789726967,164,1.690297691,82,1.988585519,,,,,82,25.08677116,164,6.761190765,164,2.698794633,,
83,9.147493388,,,,,,,166,1.392009863,166,1.789726967,166,1.789726967,83,1.988585519,,,,,83,24.4748987,166,6.761190765,166,2.840836456,,
84,9.445781216,,,,,,,168,1.193151311,168,1.889156243,168,1.789726967,84,1.988585519,,,,,84,25.3927074,168,7.026335501,168,2.840836456,,
85,9.445781216,,,,,,,170,1.292580587,170,1.789726967,170,1.690297691,85,1.988585519,,,,,85,25.54567551,170,7.026335501,170,2.840836456,,
86,9.445781216,,,,,,,172,1.292580587,172,1.889156243,172,1.789726967,86,2.088014795,,,,,86,25.54567551,172,7.291480237,172,2.840836456,,
87,9.545210492,,,,,,,174,1.392009863,174,1.988585519,174,1.789726967,87,1.988585519,,,,,87,25.85161175,174,7.291480237,174,2.698794633,,
88,9.445781216,,,,,,,176,1.491439139,176,1.789726967,176,1.690297691,88,1.889156243,,,,,88,26.76942045,176,7.291480237,176,2.840836456,,
89,9.644639768,,,,,,,178,1.292580587,178,1.889156243,178,1.789726967,89,1.889156243,,,,,89,26.3105161,178,7.556624973,178,2.840836456,,
90,9.644639768,,,,,,,180,1.491439139,180,1.889156243,180,1.690297691,90,1.889156243,,,,,90,26.46348422,180,7.424052605,180,2.840836456,,
,,,,,,,,182,1.392009863,182,1.988585519,182,1.690297691,91,1.988585519,,,,,91,26.61645233,182,7.424052605,182,2.982878279,,
,,,,,,,,184,1.392009863,184,1.889156243,184,1.690297691,92,1.789726967,,,,,92,27.07535668,184,7.291480237,184,2.982878279,,
,,,,,,,,186,1.392009863,186,1.889156243,186,1.690297691,93,1.789726967,,,,,93,26.61645233,186,7.556624973,186,2.982878279,,
,,,,,,,,188,1.292580587,188,1.789726967,188,1.789726967,94,1.988585519,,,,,94,27.2283248,188,7.689197341,188,2.982878279,,
,,,,,,,,190,1.392009863,190,1.889156243,190,1.789726967,95,1.889156243,,,,,95,27.38129292,190,7.689197341,190,2.840836456,,
,,,,,,,,192,1.292580587,192,1.889156243,192,1.789726967,96,1.789726967,,,,,96,27.53426103,192,7.821769709,192,3.124920101,,
,,,,,,,,194,1.292580587,194,1.889156243,194,1.789726967,97,1.889156243,,,,,97,27.2283248,194,7.689197341,194,2.982878279,,
,,,,,,,,196,1.292580587,196,1.889156243,196,1.789726967,98,1.889156243,,,,,98,28.1461335,196,7.821769709,196,3.124920101,,
,,,,,,,,198,1.292580587,198,1.889156243,198,1.690297691,99,2.088014795,,,,,99,27.68722915,198,7.689197341,198,2.982878279,,
,,,,,,,,200,1.292580587,200,1.988585519,200,1.789726967,100,2.088014795,,,,,100,27.84019727,200,7.954342076,200,2.982878279,,
,,,,,,,,202,1.491439139,202,1.988585519,202,1.789726967,101,2.088014795,,,,,101,27.84019727,202,7.821769709,202,3.124920101,,
,,,,,,,,204,1.292580587,204,1.889156243,204,1.690297691,102,2.187444071,,,,,102,27.84019727,204,8.086914444,204,3.124920101,,
,,,,,,,,206,1.392009863,206,2.088014795,206,1.889156243,103,2.088014795,,,,,103,28.29910162,206,8.086914444,206,3.124920101,,
,,,,,,,,208,1.392009863,208,2.088014795,208,1.889156243,104,2.088014795,,,,,104,28.45206974,208,8.086914444,208,3.124920101,,
,,,,,,,,210,1.491439139,210,1.988585519,210,1.690297691,105,2.088014795,,,,,105,28.75800597,210,8.219486812,210,3.124920101,,
,,,,,,,,212,1.590868415,212,1.889156243,212,1.789726967,106,1.988585519,,,,,106,28.29910162,212,8.219486812,212,3.266961924,,
,,,,,,,,214,1.392009863,214,2.088014795,214,1.789726967,107,2.187444071,,,,,107,29.21691032,214,8.35205918,214,3.124920101,,
,,,,,,,,216,1.491439139,216,2.088014795,216,1.690297691,108,1.988585519,,,,,108,29.36987844,216,8.35205918,216,3.266961924,,
,,,,,,,,218,1.590868415,218,1.988585519,218,1.889156243,109,2.088014795,,,,,109,29.21691032,218,8.219486812,218,2.982878279,,
,,,,,,,,220,1.491439139,220,1.889156243,220,1.789726967,110,1.889156243,,,,,110,29.0639422,220,8.086914444,220,3.124920101,,
,,,,,,,,222,1.491439139,222,1.988585519,222,1.789726967,111,2.187444071,,,,,111,29.67581467,222,8.484631548,222,3.124920101,,
,,,,,,,,224,1.491439139,224,1.988585519,224,1.789726967,112,1.988585519,,,,,112,29.67581467,224,8.35205918,224,3.266961924,,
,,,,,,,,226,1.491439139,226,1.988585519,226,1.988585519,113,1.988585519,,,,,113,29.67581467,226,8.484631548,226,3.266961924,,
,,,,,,,,228,1.590868415,228,1.988585519,228,1.889156243,114,1.988585519,,,,,114,29.67581467,228,8.749776284,228,3.266961924,,
,,,,,,,,230,1.392009863,230,2.088014795,230,1.789726967,115,2.187444071,,,,,115,29.82878279,230,8.617203916,230,3.124920101,,
,,,,,,,,232,1.292580587,232,2.088014795,232,1.988585519,116,2.088014795,,,,,116,30.28768714,232,8.749776284,232,3.266961924,,
,,,,,,,,234,1.491439139,234,1.988585519,234,1.889156243,117,1.988585519,,,,,117,30.59362337,234,8.617203916,234,3.266961924,,
,,,,,,,,236,1.491439139,236,2.088014795,236,1.789726967,118,2.088014795,,,,,118,31.05252772,236,8.749776284,236,3.124920101,,
,,,,,,,,238,1.392009863,238,2.088014795,238,1.889156243,119,1.988585519,,,,,119,30.59362337,238,8.749776284,238,3.266961924,,
,,,,,,,,240,1.392009863,240,2.088014795,240,1.889156243,120,2.187444071,,,,,120,31.05252772,,,240,3.266961924,,
,,,,,,,,242,1.491439139,242,2.088014795,242,1.889156243,121,2.088014795,,,,,121,31.35846396,,,242,3.266961924,,
,,,,,,,,244,1.491439139,244,1.988585519,244,2.088014795,122,2.088014795,,,,,122,31.51143207,,,244,3.266961924,,
,,,,,,,,246,1.392009863,246,1.988585519,246,1.889156243,123,1.988585519,,,,,123,31.51143207,,,246,3.409003747,,
,,,,,,,,248,1.491439139,248,1.988585519,248,1.988585519,124,2.088014795,,,,,124,31.66440019,,,248,3.409003747,,
,,,,,,,,250,1.590868415,250,1.988585519,250,1.988585519,125,2.088014795,,,,,125,31.97033642,,,250,3.409003747,,
,,,,,,,,252,1.491439139,252,2.088014795,252,1.988585519,126,1.988585519,,,,,126,31.97033642,,,252,3.55104557,,
,,,,,,,,254,1.690297691,254,2.088014795,254,1.988585519,127,2.187444071,,,,,127,31.81736831,,,254,3.55104557,,
,,,,,,,,256,1.690297691,256,2.088014795,256,1.988585519,128,1.889156243,,,,,128,32.58220889,,,256,3.55104557,,
,,,,,,,,258,1.690297691,258,1.988585519,258,1.889156243,129,2.187444071,,,,,129,32.58220889,,,258,3.55104557,,
,,,,,,,,260,1.690297691,260,2.088014795,260,1.988585519,130,2.088014795,,,,,130,32.42924077,,,260,3.409003747,,
,,,,,,,,262,1.491439139,262,2.088014795,262,2.088014795,131,2.187444071,,,,,131,33.04111324,,,262,3.409003747,,
,,,,,,,,264,1.590868415,264,1.988585519,264,1.889156243,132,2.286873347,,,,,132,33.34704947,,,264,3.55104557,,
,,,,,,,,266,1.690297691,266,2.088014795,266,1.889156243,133,2.088014795,,,,,133,33.19408136,,,266,3.55104557,,
,,,,,,,,268,1.690297691,268,2.088014795,268,2.088014795,134,2.088014795,,,,,134,33.19408136,,,268,3.55104557,,
,,,,,,,,270,1.690297691,270,2.088014795,270,2.088014795,135,2.088014795,,,,,135,33.34704947,,,270,3.409003747,,
,,,,,,,,272,1.590868415,272,2.088014795,272,1.988585519,136,2.088014795,,,,,136,33.80595383,,,272,3.55104557,,
,,,,,,,,274,1.690297691,274,2.088014795,274,2.088014795,137,2.187444071,,,,,137,33.65298571,,,274,3.55104557,,
,,,,,,,,276,1.590868415,276,2.088014795,276,2.088014795,138,2.286873347,,,,,138,33.65298571,,,276,3.55104557,,
,,,,,,,,278,1.690297691,278,2.187444071,278,1.988585519,139,2.187444071,,,,,139,34.11189006,,,278,3.55104557,,
,,,,,,,,280,1.590868415,280,2.187444071,280,1.889156243,140,2.187444071,,,,,140,34.57079441,,,280,3.693087393,,
,,,,,,,,282,1.590868415,282,1.988585519,282,1.988585519,141,1.988585519,,,,,141,34.26485818,,,282,3.55104557,,
,,,,,,,,284,1.690297691,284,1.988585519,284,2.088014795,142,2.187444071,,,,,142,34.41782629,,,284,3.55104557,,
,,,,,,,,286,1.590868415,286,2.088014795,286,1.988585519,143,2.088014795,,,,,143,34.57079441,,,286,3.409003747,,
,,,,,,,,288,1.690297691,288,2.088014795,288,2.088014795,144,2.088014795,,,,,144,35.18266688,,,288,3.55104557,,
,,,,,,,,290,1.690297691,290,2.088014795,290,1.988585519,145,2.187444071,,,,,145,35.02969876,,,290,3.55104557,,
,,,,,,,,292,1.690297691,292,2.187444071,292,1.988585519,146,2.187444071,,,,,146,34.87673064,,,292,3.55104557,,
,,,,,,,,294,1.789726967,294,2.187444071,294,2.187444071,147,2.187444071,,,,,147,35.02969876,,,294,3.55104557,,
,,,,,,,,296,1.690297691,296,2.187444071,296,2.187444071,148,2.286873347,,,,,148,35.94750746,,,296,3.693087393,,
,,,,,,,,298,1.789726967,298,2.088014795,298,1.988585519,149,2.088014795,,,,,149,35.48860311,,,298,3.693087393,,
,,,,,,,,300,1.590868415,300,2.187444071,300,2.088014795,150,2.286873347,,,,,150,36.10047558,,,300,3.835129215,,
,,,,,,,,302,1.789726967,302,1.988585519,302,1.988585519,151,2.187444071,,,,,151,36.10047558,,,302,3.693087393,,
,,,,,,,,304,1.789726967,304,2.286873347,304,2.088014795,152,2.286873347,,,,,152,36.40641181,,,304,3.693087393,,
,,,,,,,,306,1.690297691,306,2.187444071,306,2.088014795,153,2.286873347,,,,,153,36.40641181,,,306,3.693087393,,
,,,,,,,,308,1.789726967,308,2.187444071,308,1.988585519,154,2.386302623,,,,,154,36.86531616,,,308,3.693087393,,
,,,,,,,,310,1.789726967,310,2.187444071,310,2.088014795,155,2.088014795,,,,,155,36.86531616,,,310,3.835129215,,
,,,,,,,,312,1.789726967,312,2.187444071,312,1.988585519,156,2.286873347,,,,,156,36.86531616,,,312,3.835129215,,
,,,,,,,,314,1.789726967,314,2.286873347,314,1.988585519,157,2.286873347,,,,,157,37.47718863,,,314,3.693087393,,
,,,,,,,,316,1.889156243,316,2.088014795,316,1.988585519,158,2.386302623,,,,,158,37.1712524,,,316,3.693087393,,
,,,,,,,,318,1.988585519,318,2.286873347,318,2.088014795,159,2.286873347,,,,,159,37.63015675,,,318,3.693087393,,
,,,,,,,,320,1.789726967,320,2.286873347,320,2.187444071,160,2.386302623,,,,,160,37.47718863,,,320,3.835129215,,
,,,,,,,,322,1.789726967,322,2.386302623,322,1.988585519,161,2.286873347,,,,,161,38.0890611,,,322,3.835129215,,
,,,,,,,,324,1.889156243,324,2.386302623,324,2.088014795,162,2.386302623,,,,,162,37.78312486,,,324,3.835129215,,
,,,,,,,,326,1.889156243,326,2.386302623,326,1.988585519,163,2.386302623,,,,,163,38.70093356,,,326,3.835129215,,
,,,,,,,,328,1.988585519,328,2.386302623,328,1.988585519,164,2.286873347,,,,,164,38.70093356,,,328,3.693087393,,
,,,,,,,,330,1.988585519,330,2.386302623,330,2.088014795,165,2.286873347,,,,,165,38.24202921,,,330,3.835129215,,
,,,,,,,,332,1.690297691,332,2.386302623,332,1.988585519,166,2.187444071,,,,,166,38.85390168,,,332,3.977171038,,
,,,,,,,,334,1.789726967,334,2.485731899,334,1.988585519,167,2.187444071,,,,,167,39.31280603,,,334,3.835129215,,
,,,,,,,,336,1.789726967,336,2.485731899,336,2.088014795,168,2.286873347,,,,,168,39.77171038,,,336,3.835129215,,
,,,,,,,,338,1.789726967,338,2.386302623,338,2.187444071,169,2.187444071,,,,,169,39.46577415,,,338,3.835129215,,
,,,,,,,,340,1.988585519,340,2.485731899,340,2.088014795,170,2.088014795,,,,,170,39.77171038,,,340,3.835129215,,
,,,,,,,,342,1.988585519,342,2.386302623,342,2.286873347,171,2.187444071,,,,,171,40.53655097,,,342,3.977171038,,
,,,,,,,,344,1.988585519,344,2.485731899,344,1.988585519,172,2.286873347,,,,,172,39.77171038,,,344,3.977171038,,
,,,,,,,,346,1.988585519,346,2.485731899,346,2.187444071,173,2.088014795,,,,,173,40.38358285,,,346,3.835129215,,
,,,,,,,,348,2.187444071,348,2.386302623,348,1.988585519,174,2.088014795,,,,,174,40.38358285,,,348,3.977171038,,
,,,,,,,,350,2.088014795,350,2.386302623,350,2.187444071,175,1.988585519,,,,,175,40.68951908,,,350,3.977171038,,
,,,,,,,,352,2.187444071,352,2.386302623,352,2.088014795,176,2.187444071,,,,,176,41.14842343,,,352,3.977171038,,
,,,,,,,,354,2.088014795,354,2.485731899,354,2.088014795,177,2.187444071,,,,,177,41.30139155,,,354,3.977171038,,
,,,,,,,,356,2.088014795,356,2.485731899,356,2.088014795,178,2.187444071,,,,,178,40.99545532,,,356,3.977171038,,
,,,,,,,,358,2.187444071,358,2.485731899,358,2.187444071,179,2.187444071,,,,,179,41.60732778,,,358,4.119212861,,
,,,,,,,,360,2.187444071,360,2.485731899,360,2.187444071,180,2.187444071,,,,,180,42.37216837,,,360,3.977171038,,
,,,,,,,,362,2.187444071,362,2.386302623,362,1.988585519,181,2.088014795,,,,,181,42.06623214,,,362,3.977171038,,
,,,,,,,,364,2.088014795,364,2.485731899,364,2.187444071,182,2.187444071,,,,,182,42.21920025,,,364,4.119212861,,
,,,,,,,,366,2.187444071,366,2.485731899,366,2.286873347,183,2.088014795,,,,,183,42.6781046,,,366,4.261254684,,
,,,,,,,,368,2.187444071,368,2.386302623,368,2.088014795,184,2.286873347,,,,,184,42.52513649,,,368,4.261254684,,
,,,,,,,,370,2.187444071,370,2.485731899,370,2.088014795,185,2.187444071,,,,,185,42.98404084,,,370,4.261254684,,
,,,,,,,,372,2.187444071,372,2.585161175,372,2.187444071,186,2.187444071,,,,,186,42.52513649,,,372,4.403296507,,
,,,,,,,,374,2.187444071,374,2.585161175,374,2.187444071,187,2.088014795,,,,,187,43.44294519,,,374,4.403296507,,
,,,,,,,,376,2.088014795,376,2.485731899,376,2.286873347,188,2.187444071,,,,,188,43.44294519,,,376,4.261254684,,
,,,,,,,,378,2.187444071,378,2.485731899,378,2.286873347,189,2.286873347,,,,,189,43.5959133,,,378,4.261254684,,
,,,,,,,,380,2.088014795,380,2.485731899,380,2.088014795,190,2.187444071,,,,,190,43.74888142,,,380,4.261254684,,
,,,,,,,,382,2.088014795,382,2.684590451,382,2.088014795,191,2.286873347,,,,,191,43.74888142,,,382,4.261254684,,
,,,,,,,,384,2.088014795,384,2.585161175,384,2.187444071,192,2.485731899,,,,,192,44.05481765,,,384,4.545338329,,
,,,,,,,,386,2.088014795,386,2.684590451,386,1.889156243,193,2.286873347,,,,,,,,,386,4.403296507,,
,,,,,,,,388,1.988585519,388,2.684590451,388,1.789726967,194,2.187444071,,,,,,,,,388,4.403296507,,
,,,,,,,,390,1.988585519,390,2.585161175,390,2.187444071,195,2.286873347,,,,,,,,,390,4.545338329,,
,,,,,,,,392,2.088014795,392,2.485731899,392,2.187444071,196,2.286873347,,,,,,,,,392,4.545338329,,
,,,,,,,,394,2.088014795,394,2.585161175,394,2.088014795,197,2.386302623,,,,,,,,,394,4.545338329,,
,,,,,,,,396,2.088014795,396,2.684590451,396,2.088014795,198,2.187444071,,,,,,,,,396,4.545338329,,
,,,,,,,,398,1.889156243,398,2.684590451,398,2.187444071,199,2.286873347,,,,,,,,,398,4.545338329,,
,,,,,,,,400,2.088014795,400,2.684590451,400,2.187444071,200,2.088014795,,,,,,,,,400,4.687380152,,
,,,,,,,,402,2.187444071,402,2.585161175,402,2.187444071,201,2.386302623,,,,,,,,,,,,
,,,,,,,,404,2.187444071,404,2.784019727,404,2.286873347,202,2.187444071,,,,,,,,,,,,
,,,,,,,,406,2.187444071,406,2.784019727,406,2.187444071,203,2.386302623,,,,,,,,,,,,
,,,,,,,,408,2.286873347,408,2.684590451,408,2.088014795,204,2.187444071,,,,,,,,,,,,
,,,,,,,,410,2.286873347,410,2.585161175,410,2.286873347,205,2.187444071,,,,,,,,,,,,
,,,,,,,,412,2.286873347,412,2.784019727,412,2.187444071,206,2.386302623,,,,,,,,,,,,
,,,,,,,,414,2.286873347,414,2.585161175,414,2.286873347,207,2.286873347,,,,,,,,,,,,
,,,,,,,,416,2.286873347,416,2.784019727,416,2.286873347,208,2.088014795,,,,,,,,,,,,
,,,,,,,,418,2.187444071,418,2.684590451,418,2.286873347,209,2.187444071,,,,,,,,,,,,
,,,,,,,,420,2.187444071,420,2.784019727,420,2.286873347,210,2.187444071,,,,,,,,,,,,
,,,,,,,,422,2.187444071,422,2.684590451,422,2.386302623,211,2.386302623,,,,,,,,,,,,
,,,,,,,,424,2.286873347,424,2.784019727,424,2.187444071,212,2.286873347,,,,,,,,,,,,
,,,,,,,,426,2.286873347,426,2.784019727,426,2.286873347,213,1.988585519,,,,,,,,,,,,
,,,,,,,,428,2.286873347,428,2.684590451,428,2.286873347,214,2.386302623,,,,,,,,,,,,
,,,,,,,,430,2.386302623,430,2.684590451,430,2.386302623,215,2.386302623,,,,,,,,,,,,
,,,,,,,,432,2.485731899,432,2.684590451,432,2.286873347,216,2.286873347,,,,,,,,,,,,
,,,,,,,,434,2.386302623,434,2.684590451,434,2.187444071,217,2.286873347,,,,,,,,,,,,
,,,,,,,,436,2.386302623,436,2.784019727,436,2.386302623,218,2.286873347,,,,,,,,,,,,
,,,,,,,,438,2.286873347,438,2.684590451,438,2.286873347,219,2.386302623,,,,,,,,,,,,
,,,,,,,,440,2.386302623,440,2.684590451,440,2.286873347,220,2.286873347,,,,,,,,,,,,
,,,,,,,,442,2.386302623,442,2.585161175,442,2.485731899,221,2.386302623,,,,,,,,,,,,
,,,,,,,,444,2.386302623,444,2.784019727,444,2.386302623,222,2.485731899,,,,,,,,,,,,
,,,,,,,,446,2.386302623,446,2.585161175,446,2.286873347,223,2.485731899,,,,,,,,,,,,
,,,,,,,,448,2.386302623,448,2.684590451,448,2.286873347,224,2.386302623,,,,,,,,,,,,
,,,,,,,,450,2.386302623,450,2.684590451,450,2.485731899,225,2.286873347,,,,,,,,,,,,
,,,,,,,,452,2.485731899,452,2.784019727,452,2.485731899,226,2.485731899,,,,,,,,,,,,
,,,,,,,,454,2.386302623,454,2.784019727,454,2.386302623,227,2.187444071,,,,,,,,,,,,
,,,,,,,,456,2.585161175,456,2.684590451,456,2.386302623,228,2.386302623,,,,,,,,,,,,
,,,,,,,,458,2.485731899,458,2.883449003,458,2.485731899,229,2.386302623,,,,,,,,,,,,
,,,,,,,,460,2.386302623,460,2.784019727,460,2.485731899,230,2.286873347,,,,,,,,,,,,
,,,,,,,,462,2.485731899,462,2.684590451,462,2.485731899,231,2.286873347,,,,,,,,,,,,
,,,,,,,,464,2.485731899,464,2.784019727,464,2.485731899,232,2.286873347,,,,,,,,,,,,
,,,,,,,,466,2.485731899,466,2.684590451,466,2.386302623,233,2.386302623,,,,,,,,,,,,
,,,,,,,,468,2.386302623,468,2.883449003,468,2.585161175,234,2.386302623,,,,,,,,,,,,
,,,,,,,,470,2.485731899,470,2.684590451,470,2.485731899,235,2.485731899,,,,,,,,,,,,
,,,,,,,,472,2.485731899,472,2.784019727,472,2.485731899,236,2.386302623,,,,,,,,,,,,
,,,,,,,,474,2.485731899,474,2.784019727,474,2.585161175,237,2.386302623,,,,,,,,,,,,
,,,,,,,,476,2.585161175,476,2.784019727,476,2.386302623,238,2.386302623,,,,,,,,,,,,
,,,,,,,,478,2.585161175,478,2.883449003,478,2.485731899,239,2.386302623,,,,,,,,,,,,
,,,,,,,,480,2.585161175,480,2.883449003,480,2.485731899,240,2.585161175,,,,,,,,,,,,
,,,,,,,,482,2.585161175,482,2.784019727,482,2.386302623,241,2.485731899,,,,,,,,,,,,
,,,,,,,,484,2.485731899,484,2.883449003,484,2.286873347,242,2.485731899,,,,,,,,,,,,
,,,,,,,,486,2.684590451,486,2.883449003,486,2.485731899,243,2.485731899,,,,,,,,,,,,
,,,,,,,,488,2.684590451,488,2.784019727,488,2.485731899,244,2.485731899,,,,,,,,,,,,
,,,,,,,,490,2.485731899,490,2.883449003,490,2.485731899,245,2.386302623,,,,,,,,,,,,
,,,,,,,,492,2.485731899,492,2.883449003,492,2.485731899,246,2.187444071,,,,,,,,,,,,
,,,,,,,,494,2.585161175,494,2.883449003,494,2.585161175,247,2.386302623,,,,,,,,,,,,
,,,,,,,,496,2.684590451,496,2.982878279,496,2.485731899,248,2.286873347,,,,,,,,,,,,
,,,,,,,,498,2.684590451,498,2.982878279,498,2.585161175,249,2.386302623,,,,,,,,,,,,
,,,,,,,,500,2.585161175,500,2.982878279,500,2.585161175,250,2.485731899,,,,,,,,,,,,
,,,,,,,,502,2.684590451,502,2.883449003,502,2.485731899,251,2.187444071,,,,,,,,,,,,
,,,,,,,,504,2.585161175,504,2.982878279,504,2.585161175,252,2.386302623,,,,,,,,,,,,
,,,,,,,,506,2.585161175,506,2.883449003,506,2.585161175,253,2.485731899,,,,,,,,,,,,
,,,,,,,,508,2.485731899,508,2.982878279,508,2.585161175,254,2.485731899,,,,,,,,,,,,
,,,,,,,,510,2.485731899,510,2.982878279,510,2.585161175,255,2.485731899,,,,,,,,,,,,
,,,,,,,,512,2.485731899,512,3.281166107,512,2.386302623,256,2.386302623,,,,,,,,,,,,
,,,,,,,,514,2.585161175,514,3.181736831,514,2.485731899,257,2.386302623,,,,,,,,,,,,
,,,,,,,,516,2.585161175,516,3.082307555,516,2.485731899,258,2.684590451,,,,,,,,,,,,
,,,,,,,,518,2.585161175,518,2.982878279,518,2.585161175,259,2.386302623,,,,,,,,,,,,
,,,,,,,,520,2.684590451,520,3.082307555,520,2.585161175,260,2.485731899,,,,,,,,,,,,
,,,,,,,,522,2.784019727,522,2.982878279,522,2.485731899,261,2.386302623,,,,,,,,,,,,
,,,,,,,,524,2.585161175,524,3.181736831,524,2.386302623,262,2.386302623,,,,,,,,,,,,
,,,,,,,,526,2.684590451,526,3.281166107,526,2.485731899,263,2.485731899,,,,,,,,,,,,
,,,,,,,,528,2.784019727,528,3.082307555,528,2.386302623,264,2.585161175,,,,,,,,,,,,
,,,,,,,,530,2.784019727,530,3.181736831,530,2.485731899,265,2.485731899,,,,,,,,,,,,
,,,,,,,,,,,,,,266,2.485731899,,,,,,,,,,,,
,,,,,,,,,,,,,,267,2.684590451,,,,,,,,,,,,
,,,,,,,,,,,,,,268,2.585161175,,,,,,,,,,,,
,,,,,,,,,,,,,,269,2.386302623,,,,,,,,,,,,
,,,,,,,,,,,,,,270,2.485731899,,,,,,,,,,,,
,,,,,,,,,,,,,,271,2.485731899,,,,,,,,,,,,
,,,,,,,,,,,,,,272,2.485731899,,,,,,,,,,,,
,,,,,,,,,,,,,,273,2.585161175,,,,,,,,,,,,
,,,,,,,,,,,,,,274,2.585161175,,,,,,,,,,,,
,,,,,,,,,,,,,,275,2.386302623,,,,,,,,,,,,
,,,,,,,,,,,,,,276,2.386302623,,,,,,,,,,,,
,,,,,,,,,,,,,,277,2.585161175,,,,,,,,,,,,
,,,,,,,,,,,,,,278,2.485731899,,,,,,,,,,,,
,,,,,,,,,,,,,,279,2.485731899,,,,,,,,,,,,
,,,,,,,,,,,,,,280,2.585161175,,,,,,,,,,,,
,,,,,,,,,,,,,,281,2.585161175,,,,,,,,,,,,
,,,,,,,,,,,,,,282,2.585161175,,,,,,,,,,,,
,,,,,,,,,,,,,,283,2.485731899,,,,,,,,,,,,
,,,,,,,,,,,,,,284,2.386302623,,,,,,,,,,,,
,,,,,,,,,,,,,,285,2.485731899,,,,,,,,,,,,
,,,,,,,,,,,,,,286,2.386302623,,,,,,,,,,,,
,,,,,,,,,,,,,,287,2.485731899,,,,,,,,,,,,
,,,,,,,,,,,,,,288,2.585161175,,,,,,,,,,,,
,,,,,,,,,,,,,,289,2.585161175,,,,,,,,,,,,
,,,,,,,,,,,,,,290,2.386302623,,,,,,,,,,,,
,,,,,,,,,,,,,,291,2.485731899,,,,,,,,,,,,
,,,,,,,,,,,,,,292,2.684590451,,,,,,,,,,,,
,,,,,,,,,,,,,,293,2.684590451,,,,,,,,,,,,
,,,,,,,,,,,,,,294,2.485731899,,,,,,,,,,,,
,,,,,,,,,,,,,,295,2.286873347,,,,,,,,,,,,
,,,,,,,,,,,,,,296,2.485731899,,,,,,,,,,,,
,,,,,,,,,,,,,,297,2.386302623,,,,,,,,,,,,
,,,,,,,,,,,,,,298,2.485731899,,,,,,,,,,,,
,,,,,,,,,,,,,,299,2.485731899,,,,,,,,,,,,
,,,,,,,,,,,,,,300,2.585161175,,,,,,,,,,,,
,,,,,,,,,,,,,,301,2.485731899,,,,,,,,,,,,
,,,,,,,,,,,,,,302,2.485731899,,,,,,,,,,,,
,,,,,,,,,,,,,,303,2.485731899,,,,,,,,,,,,
,,,,,,,,,,,,,,304,2.386302623,,,,,,,,,,,,
,,,,,,,,,,,,,,305,2.585161175,,,,,,,,,,,,
,,,,,,,,,,,,,,306,2.386302623,,,,,,,,,,,,
,,,,,,,,,,,,,,307,2.485731899,,,,,,,,,,,,
,,,,,,,,,,,,,,308,2.386302623,,,,,,,,,,,,
,,,,,,,,,,,,,,309,2.386302623,,,,,,,,,,,,
,,,,,,,,,,,,,,310,2.386302623,,,,,,,,,,,,
,,,,,,,,,,,,,,311,2.684590451,,,,,,,,,,,,
,,,,,,,,,,,,,,312,2.585161175,,,,,,,,,,,,
,,,,,,,,,,,,,,313,2.585161175,,,,,,,,,,,,
,,,,,,,,,,,,,,314,2.485731899,,,,,,,,,,,,
,,,,,,,,,,,,,,315,2.386302623,,,,,,,,,,,,
,,,,,,,,,,,,,,316,2.485731899,,,,,,,,,,,,
,,,,,,,,,,,,,,317,2.585161175,,,,,,,,,,,,
,,,,,,,,,,,,,,318,2.485731899,,,,,,,,,,,,
,,,,,,,,,,,,,,319,2.485731899,,,,,,,,,,,,
,,,,,,,,,,,,,,320,2.485731899,,,,,,,,,,,,
,,,,,,,,,,,,,,321,2.386302623,,,,,,,,,,,,
,,,,,,,,,,,,,,322,2.585161175,,,,,,,,,,,,
,,,,,,,,,,,,,,323,2.485731899,,,,,,,,,,,,
,,,,,,,,,,,,,,324,2.386302623,,,,,,,,,,,,
,,,,,,,,,,,,,,325,2.684590451,,,,,,,,,,,,
,,,,,,,,,,,,,,326,2.585161175,,,,,,,,,,,,
,,,,,,,,,,,,,,327,2.585161175,,,,,,,,,,,,
,,,,,,,,,,,,,,328,2.485731899,,,,,,,,,,,,
,,,,,,,,,,,,,,329,2.485731899,,,,,,,,,,,,
,,,,,,,,,,,,,,330,2.386302623,,,,,,,,,,,,
,,,,,,,,,,,,,,331,2.585161175,,,,,,,,,,,,
,,,,,,,,,,,,,,332,2.485731899,,,,,,,,,,,,
,,,,,,,,,,,,,,333,2.386302623,,,,,,,,,,,,
,,,,,,,,,,,,,,334,2.485731899,,,,,,,,,,,,
,,,,,,,,,,,,,,335,2.485731899,,,,,,,,,,,,
,,,,,,,,,,,,,,336,2.585161175,,,,,,,,,,,,
,,,,,,,,,,,,,,337,2.386302623,,,,,,,,,,,,
,,,,,,,,,,,,,,338,2.485731899,,,,,,,,,,,,
,,,,,,,,,,,,,,339,2.386302623,,,,,,,,,,,,
,,,,,,,,,,,,,,340,2.386302623,,,,,,,,,,,,
,,,,,,,,,,,,,,341,2.386302623,,,,,,,,,,,,
,,,,,,,,,,,,,,342,2.684590451,,,,,,,,,,,,
,,,,,,,,,,,,,,343,2.485731899,,,,,,,,,,,,
,,,,,,,,,,,,,,344,2.585161175,,,,,,,,,,,,
,,,,,,,,,,,,,,345,2.485731899,,,,,,,,,,,,
,,,,,,,,,,,,,,346,2.585161175,,,,,,,,,,,,
,,,,,,,,,,,,,,347,2.386302623,,,,,,,,,,,,
,,,,,,,,,,,,,,348,2.485731899,,,,,,,,,,,,
,,,,,,,,,,,,,,349,2.386302623,,,,,,,,,,,,
,,,,,,,,,,,,,,350,2.585161175,,,,,,,,,,,,
,,,,,,,,,,,,,,351,2.386302623,,,,,,,,,,,,
,,,,,,,,,,,,,,352,2.585161175,,,,,,,,,,,,
,,,,,,,,,,,,,,353,2.485731899,,,,,,,,,,,,
,,,,,,,,,,,,,,354,2.386302623,,,,,,,,,,,,
,,,,,,,,,,,,,,355,2.386302623,,,,,,,,,,,,
,,,,,,,,,,,,,,356,2.386302623,,,,,,,,,,,,
,,,,,,,,,,,,,,357,2.386302623,,,,,,,,,,,,
,,,,,,,,,,,,,,358,2.585161175,,,,,,,,,,,,
,,,,,,,,,,,,,,359,2.386302623,,,,,,,,,,,,
,,,,,,,,,,,,,,360,2.485731899,,,,,,,,,,,,
,,,,,,,,,,,,,,361,2.386302623,,,,,,,,,,,,
,,,,,,,,,,,,,,362,2.386302623,,,,,,,,,,,,
,,,,,,,,,,,,,,363,2.386302623,,,,,,,,,,,,
,,,,,,,,,,,,,,364,2.485731899,,,,,,,,,,,,
,,,,,,,,,,,,,,365,2.485731899,,,,,,,,,,,,
,,,,,,,,,,,,,,366,2.485731899,,,,,,,,,,,,
,,,,,,,,,,,,,,367,2.485731899,,,,,,,,,,,,
,,,,,,,,,,,,,,368,2.485731899,,,,,,,,,,,,
,,,,,,,,,,,,,,369,2.585161175,,,,,,,,,,,,
,,,,,,,,,,,,,,370,2.386302623,,,,,,,,,,,,
,,,,,,,,,,,,,,371,2.485731899,,,,,,,,,,,,
,,,,,,,,,,,,,,372,2.286873347,,,,,,,,,,,,
,,,,,,,,,,,,,,373,2.585161175,,,,,,,,,,,,
,,,,,,,,,,,,,,374,2.286873347,,,,,,,,,,,,
,,,,,,,,,,,,,,375,2.485731899,,,,,,,,,,,,
,,,,,,,,,,,,,,376,2.485731899,,,,,,,,,,,,
,,,,,,,,,,,,,,377,2.684590451,,,,,,,,,,,,
,,,,,,,,,,,,,,378,2.485731899,,,,,,,,,,,,
,,,,,,,,,,,,,,379,2.585161175,,,,,,,,,,,,
,,,,,,,,,,,,,,380,2.386302623,,,,,,,,,,,,
,,,,,,,,,,,,,,381,2.585161175,,,,,,,,,,,,
,,,,,,,,,,,,,,382,2.585161175,,,,,,,,,,,,
,,,,,,,,,,,,,,383,2.585161175,,,,,,,,,,,,
,,,,,,,,,,,,,,384,2.684590451,,,,,,,,,,,,
,,,,,,,,,,,,,,385,2.585161175,,,,,,,,,,,,
,,,,,,,,,,,,,,386,2.585161175,,,,,,,,,,,,
,,,,,,,,,,,,,,387,2.684590451,,,,,,,,,,,,
,,,,,,,,,,,,,,388,2.386302623,,,,,,,,,,,,
,,,,,,,,,,,,,,389,2.585161175,,,,,,,,,,,,
,,,,,,,,,,,,,,390,2.684590451,,,,,,,,,,,,
,,,,,,,,,,,,,,391,2.585161175,,,,,,,,,,,,
,,,,,,,,,,,,,,392,2.684590451,,,,,,,,,,,,
,,,,,,,,,,,,,,393,2.485731899,,,,,,,,,,,,
,,,,,,,,,,,,,,394,2.684590451,,,,,,,,,,,,
,,,,,,,,,,,,,,395,2.684590451,,,,,,,,,,,,
,,,,,,,,,,,,,,396,2.485731899,,,,,,,,,,,,
,,,,,,,,,,,,,,397,2.684590451,,,,,,,,,,,,
,,,,,,,,,,,,,,398,2.585161175,,,,,,,,,,,,
,,,,,,,,,,,,,,399,2.784019727,,,,,,,,,,,,
,,,,,,,,,,,,,,400,2.684590451,,,,,,,,,,,,
,,,,,,,,,,,,,,401,2.585161175,,,,,,,,,,,,
,,,,,,,,,,,,,,402,2.684590451,,,,,,,,,,,,
,,,,,,,,,,,,,,403,2.585161175,,,,,,,,,,,,
,,,,,,,,,,,,,,404,2.485731899,,,,,,,,,,,,
,,,,,,,,,,,,,,405,2.784019727,,,,,,,,,,,,
,,,,,,,,,,,,,,406,2.784019727,,,,,,,,,,,,
,,,,,,,,,,,,,,407,2.585161175,,,,,,,,,,,,
,,,,,,,,,,,,,,408,2.485731899,,,,,,,,,,,,
,,,,,,,,,,,,,,409,2.684590451,,,,,,,,,,,,
,,,,,,,,,,,,,,410,2.585161175,,,,,,,,,,,,
,,,,,,,,,,,,,,411,2.286873347,,,,,,,,,,,,
,,,,,,,,,,,,,,412,2.485731899,,,,,,,,,,,,
,,,,,,,,,,,,,,413,2.386302623,,,,,,,,,,,,
,,,,,,,,,,,,,,414,2.485731899,,,,,,,,,,,,
,,,,,,,,,,,,,,415,2.485731899,,,,,,,,,,,,
,,,,,,,,,,,,,,416,2.485731899,,,,,,,,,,,,
,,,,,,,,,,,,,,417,2.684590451,,,,,,,,,,,,
,,,,,,,,,,,,,,418,2.684590451,,,,,,,,,,,,
,,,,,,,,,,,,,,419,2.485731899,,,,,,,,,,,,
,,,,,,,,,,,,,,420,2.784019727,,,,,,,,,,,,
,,,,,,,,,,,,,,421,2.485731899,,,,,,,,,,,,
,,,,,,,,,,,,,,422,2.684590451,,,,,,,,,,,,
,,,,,,,,,,,,,,423,2.784019727,,,,,,,,,,,,
,,,,,,,,,,,,,,424,2.684590451,,,,,,,,,,,,
,,,,,,,,,,,,,,425,2.585161175,,,,,,,,,,,,
,,,,,,,,,,,,,,426,2.585161175,,,,,,,,,,,,
,,,,,,,,,,,,,,427,2.585161175,,,,,,,,,,,,
,,,,,,,,,,,,,,428,2.784019727,,,,,,,,,,,,
,,,,,,,,,,,,,,429,2.684590451,,,,,,,,,,,,
,,,,,,,,,,,,,,430,2.684590451,,,,,,,,,,,,
,,,,,,,,,,,,,,431,2.585161175,,,,,,,,,,,,
,,,,,,,,,,,,,,432,2.585161175,,,,,,,,,,,,
,,,,,,,,,,,,,,433,2.784019727,,,,,,,,,,,,
,,,,,,,,,,,,,,434,2.684590451,,,,,,,,,,,,
,,,,,,,,,,,,,,435,2.585161175,,,,,,,,,,,,
,,,,,,,,,,,,,,436,2.784019727,,,,,,,,,,,,
,,,,,,,,,,,,,,437,2.684590451,,,,,,,,,,,,
,,,,,,,,,,,,,,438,2.585161175,,,,,,,,,,,,
,,,,,,,,,,,,,,439,2.684590451,,,,,,,,,,,,
,,,,,,,,,,,,,,440,2.585161175,,,,,,,,,,,,
,,,,,,,,,,,,,,441,2.684590451,,,,,,,,,,,,
,,,,,,,,,,,,,,442,2.585161175,,,,,,,,,,,,
,,,,,,,,,,,,,,443,2.784019727,,,,,,,,,,,,
,,,,,,,,,,,,,,444,2.485731899,,,,,,,,,,,,
,,,,,,,,,,,,,,445,2.784019727,,,,,,,,,,,,
,,,,,,,,,,,,,,446,2.585161175,,,,,,,,,,,,
,,,,,,,,,,,,,,447,2.684590451,,,,,,,,,,,,
,,,,,,,,,,,,,,448,2.883449003,,,,,,,,,,,,
,,,,,,,,,,,,,,449,2.684590451,,,,,,,,,,,,
,,,,,,,,,,,,,,450,2.684590451,,,,,,,,,,,,
,,,,,,,,,,,,,,451,2.784019727,,,,,,,,,,,,
,,,,,,,,,,,,,,452,2.982878279,,,,,,,,,,,,
,,,,,,,,,,,,,,453,2.684590451,,,,,,,,,,,,
,,,,,,,,,,,,,,454,2.784019727,,,,,,,,,,,,
,,,,,,,,,,,,,,455,2.982878279,,,,,,,,,,,,
,,,,,,,,,,,,,,456,2.784019727,,,,,,,,,,,,
,,,,,,,,,,,,,,457,2.684590451,,,,,,,,,,,,
,,,,,,,,,,,,,,458,2.883449003,,,,,,,,,,,,
,,,,,,,,,,,,,,459,2.883449003,,,,,,,,,,,,
,,,,,,,,,,,,,,460,2.684590451,,,,,,,,,,,,
,,,,,,,,,,,,,,461,2.684590451,,,,,,,,,,,,
,,,,,,,,,,,,,,462,2.784019727,,,,,,,,,,,,
,,,,,,,,,,,,,,463,2.883449003,,,,,,,,,,,,
,,,,,,,,,,,,,,464,2.982878279,,,,,,,,,,,,
,,,,,,,,,,,,,,465,2.784019727,,,,,,,,,,,,
,,,,,,,,,,,,,,466,2.883449003,,,,,,,,,,,,
,,,,,,,,,,,,,,467,2.883449003,,,,,,,,,,,,
,,,,,,,,,,,,,,468,2.784019727,,,,,,,,,,,,
,,,,,,,,,,,,,,469,2.982878279,,,,,,,,,,,,
,,,,,,,,,,,,,,470,2.684590451,,,,,,,,,,,,
,,,,,,,,,,,,,,471,2.684590451,,,,,,,,,,,,
,,,,,,,,,,,,,,472,2.883449003,,,,,,,,,,,,
,,,,,,,,,,,,,,473,2.684590451,,,,,,,,,,,,
,,,,,,,,,,,,,,474,2.684590451,,,,,,,,,,,,
,,,,,,,,,,,,,,475,2.883449003,,,,,,,,,,,,
,,,,,,,,,,,,,,476,2.684590451,,,,,,,,,,,,
,,,,,,,,,,,,,,477,2.784019727,,,,,,,,,,,,
,,,,,,,,,,,,,,478,2.784019727,,,,,,,,,,,,
,,,,,,,,,,,,,,479,2.883449003,,,,,,,,,,,,
,,,,,,,,,,,,,,480,2.883449003,,,,,,,,,,,,
,,,,,,,,,,,,,,481,2.784019727,,,,,,,,,,,,
,,,,,,,,,,,,,,482,2.883449003,,,,,,,,,,,,
,,,,,,,,,,,,,,483,2.883449003,,,,,,,,,,,,
,,,,,,,,,,,,,,484,2.883449003,,,,,,,,,,,,
,,,,,,,,,,,,,,485,2.784019727,,,,,,,,,,,,
,,,,,,,,,,,,,,486,2.883449003,,,,,,,,,,,,
,,,,,,,,,,,,,,487,2.784019727,,,,,,,,,,,,
,,,,,,,,,,,,,,488,2.883449003,,,,,,,,,,,,
,,,,,,,,,,,,,,489,2.883449003,,,,,,,,,,,,
,,,,,,,,,,,,,,490,2.883449003,,,,,,,,,,,,
,,,,,,,,,,,,,,491,2.784019727,,,,,,,,,,,,
,,,,,,,,,,,,,,492,2.982878279,,,,,,,,,,,,
,,,,,,,,,,,,,,493,2.883449003,,,,,,,,,,,,
,,,,,,,,,,,,,,494,2.784019727,,,,,,,,,,,,
,,,,,,,,,,,,,,495,2.784019727,,,,,,,,,,,,
,,,,,,,,,,,,,,496,2.883449003,,,,,,,,,,,,
,,,,,,,,,,,,,,497,2.883449003,,,,,,,,,,,,
,,,,,,,,,,,,,,498,2.982878279,,,,,,,,,,,,
,,,,,,,,,,,,,,499,2.982878279,,,,,,,,,,,,
,,,,,,,,,,,,,,500,3.082307555,,,,,,,,,,,,