1/27_dfc1 (Time),1/27_dfc1 (Lp/Rp),3_9_dfc1-1 (Time),3_9_dfc1-1 (Lp/Rp),3_9_dfc1-2 (Time),3_9_dfc1-2 (Lp/Rp),3_10_dfc1-2 (Time),3_10_dfc1-2 (Lp/Rp),3_10_dfc1-2 (Time),3_10_dfc1-2 (Lp/Rp),3_5_dfc2-1 (Time),3_5_dfc2-1 (Lp/Rp),3_5_dfc2-2(Time),3_5_dfc2-2 (Lp/Rp),7/6_dfc3 (Time),7/6_dfc3 (Lp/Rp),7/6_dfc4 (Time),7/6_dfc4(Lp/Rp),7/20_dfc1 (Time),7/20_dfc1 (Lp/Rp),7/21_dfc1 (Time),7/21_dfc1 (Lp/Rp),8/5_dfc1 (Time),8/5_dfc1 (Lp/Rp),8/6_dfc1 (Time),8/6_dfc1 (Lp/Rp)
0,2.761924332,0,1.988585519,0,4.198124985,0,2.209539466,0,9.501019702,0,9.545210492,0,10.3406447,0,4.912975988,0,3.392292944,0,4.971463798,0,3.148593739,0,3.977171038,0,4.350030823
2,2.651447359,2,2.872401305,2,4.198124985,2,2.872401305,2,10.38483549,2,9.942927596,2,10.14178615,1,5.029951607,1,3.392292944,1,5.539631089,1,3.314309199,2,3.778312486,2,4.847177203
4,2.872401305,4,3.756217092,4,4.640032878,4,3.535263145,4,10.82674338,4,9.942927596,4,10.53950325,2,5.146927226,2,3.509268563,2,5.681672912,2,3.977171038,4,4.573746694,4,4.971463798
6,3.093355252,6,4.198124985,6,4.419078931,6,4.419078931,6,11.04769733,6,10.3406447,6,10.53950325,3,5.263902845,3,3.626244182,3,6.10779838,3,4.308601958,6,4.573746694,6,5.468610178
8,3.203832225,8,4.860986825,8,5.081940771,8,4.860986825,8,11.48960522,8,10.53950325,8,10.93722036,4,5.380878464,4,3.626244182,4,6.391882026,4,4.640032878,8,5.369180902,8,5.717183367
10,3.314309199,10,5.302894718,10,5.081940771,10,5.081940771,10,11.48960522,10,10.7383618,10,11.13607891,5,5.263902845,5,3.860195419,5,6.675965671,5,4.474317418,10,5.17032235,10,6.587189532
12,2.872401305,12,5.965756557,12,5.302894718,12,5.744802611,12,11.93151311,12,10.3406447,12,10.93722036,6,5.73180532,6,3.860195419,6,6.818007494,6,4.971463798,12,5.965756557,12,6.835762722
14,3.424786172,14,5.965756557,14,5.744802611,14,5.965756557,14,11.71055917,14,10.7383618,14,10.93722036,7,5.848780939,7,4.094146657,7,7.10209114,7,4.971463798,14,5.568039454,14,7.208622507
16,3.203832225,16,6.628618397,16,5.523848664,16,6.186710504,16,11.93151311,16,10.7383618,16,11.13607891,8,5.73180532,8,4.094146657,8,7.244132963,8,4.971463798,16,6.363473661,16,7.457195697
18,3.424786172,18,6.628618397,18,5.523848664,18,6.186710504,18,12.15246706,18,10.93722036,18,11.13607891,9,5.614829701,9,4.211122276,9,7.244132963,9,5.137179258,18,6.363473661,18,7.705768887
20,3.424786172,20,7.07052629,20,5.744802611,20,6.849572344,20,12.15246706,20,10.7383618,20,11.33493746,10,5.73180532,10,4.094146657,10,7.386174785,10,5.137179258,20,6.562332213,20,7.830055482
22,3.314309199,22,7.07052629,22,6.186710504,22,7.291480237,22,12.37342101,22,10.93722036,22,11.13607891,11,5.848780939,11,4.094146657,11,7.528216608,11,5.302894718,22,6.562332213,22,8.078628671
24,3.535263145,24,7.512434183,24,5.523848664,24,7.512434183,24,12.15246706,24,10.93722036,24,11.13607891,12,5.848780939,12,4.094146657,12,7.812300254,12,5.468610178,24,7.158907869,24,8.078628671
26,3.645740118,26,7.954342076,26,5.744802611,26,7.291480237,26,12.37342101,26,10.93722036,26,11.33493746,13,5.73180532,13,4.445073513,13,7.812300254,13,5.468610178,26,7.158907869,26,8.327201861
28,3.424786172,28,7.954342076,28,6.186710504,28,7.512434183,28,12.37342101,28,11.13607891,28,11.33493746,14,5.848780939,14,4.328097895,14,8.096383899,14,5.468610178,28,7.158907869,28,8.575775051
30,3.756217092,30,7.954342076,30,6.40766445,30,7.73338813,30,12.59437495,30,10.93722036,30,11.13607891,15,5.848780939,15,4.445073513,15,7.954342076,15,5.634325638,30,7.158907869,30,9.072921431
32,3.645740118,32,7.954342076,32,6.40766445,32,7.73338813,32,12.59437495,32,11.13607891,32,11.33493746,16,6.082732176,16,4.328097895,16,8.096383899,16,5.634325638,32,7.556624973,32,8.451488456
34,3.535263145,34,8.617203916,34,6.40766445,34,8.39624997,34,12.8153289,34,11.33493746,34,11.33493746,17,5.965756557,17,4.445073513,17,8.096383899,17,5.302894718,34,7.556624973,34,9.072921431
36,3.756217092,36,8.39624997,36,6.628618397,36,8.838157863,36,12.37342101,36,11.13607891,36,11.33493746,18,6.199707795,18,4.328097895,18,7.954342076,18,5.634325638,36,8.153200628,36,9.072921431
38,3.866694065,38,8.617203916,38,6.40766445,38,8.617203916,38,12.59437495,38,11.33493746,38,11.33493746,19,6.082732176,19,4.328097895,19,8.380467545,19,5.800041097,38,7.755483525,38,9.445781216
40,3.977171038,40,8.617203916,40,6.628618397,40,8.617203916,40,13.03628285,40,11.13607891,40,11.53379601,20,6.082732176,20,4.445073513,20,8.66455119,20,5.800041097,40,8.153200628,40,9.445781216
42,3.977171038,42,8.838157863,42,6.849572344,42,9.059111809,42,13.25723679,42,11.33493746,42,11.13607891,21,6.082732176,21,4.445073513,21,9.090676659,21,5.800041097,42,8.550917732,42,9.197208026
44,3.866694065,44,9.059111809,44,7.07052629,44,9.280065756,44,13.03628285,44,11.13607891,44,11.33493746,22,6.082732176,22,4.445073513,22,8.948634836,22,5.800041097,44,8.153200628,44,9.694354406
46,4.198124985,46,9.280065756,46,7.291480237,46,9.501019702,46,13.03628285,46,11.33493746,46,11.53379601,23,6.199707795,23,4.328097895,23,9.232718482,23,5.965756557,46,7.954342076,46,9.818641001
48,3.977171038,48,9.059111809,48,7.291480237,48,9.501019702,48,13.25723679,48,11.33493746,48,11.53379601,24,6.199707795,24,4.562049132,24,9.374760304,24,5.965756557,48,8.35205918,48,9.818641001
50,3.977171038,50,9.280065756,50,6.849572344,50,9.942927596,50,13.25723679,50,11.33493746,50,11.53379601,25,6.199707795,25,4.562049132,25,9.516802127,25,5.965756557,50,8.35205918,50,9.570067811
52,3.977171038,52,9.501019702,52,6.849572344,52,10.16388154,52,13.25723679,52,11.13607891,52,11.73265456,26,6.082732176,26,4.679024751,26,9.65884395,26,5.800041097,52,7.158907869,52,9.942927596
54,4.087648012,54,9.501019702,54,7.291480237,54,10.16388154,54,13.25723679,54,11.53379601,54,11.73265456,27,6.316683414,27,4.679024751,27,9.800885773,27,6.131472017,54,8.550917732,54,9.818641001
56,4.308601958,56,9.721973649,56,7.291480237,56,10.38483549,56,13.47819074,56,11.13607891,56,11.53379601,28,6.199707795,28,4.445073513,28,9.942927596,28,6.131472017,56,8.550917732,56,9.942927596
58,4.198124985,58,10.16388154,58,7.512434183,58,10.60578944,58,13.47819074,58,11.33493746,58,11.73265456,29,6.316683414,29,4.679024751,29,10.08496942,29,5.965756557,58,8.550917732,58,10.06721419
60,4.198124985,60,9.721973649,60,7.512434183,60,10.60578944,60,13.25723679,60,11.13607891,60,11.53379601,30,6.199707795,30,4.679024751,30,10.22701124,30,5.965756557,60,9.147493388,60,10.19150079
62,4.198124985,62,10.16388154,62,7.512434183,62,11.04769733,62,13.47819074,62,11.13607891,62,11.53379601,31,6.199707795,31,4.562049132,31,10.36905306,31,6.297187477,62,9.147493388,62,10.19150079
64,4.419078931,64,10.16388154,64,7.512434183,64,10.82674338,64,13.25723679,64,11.13607891,64,11.73265456,32,6.316683414,32,4.679024751,32,10.65313671,32,6.131472017,64,7.954342076,64,10.44007398
66,4.308601958,66,10.16388154,66,7.512434183,66,11.04769733,66,13.69914469,66,11.13607891,66,11.73265456,33,6.316683414,33,4.562049132,33,10.65313671,33,6.297187477,66,6.960049317,66,10.19150079
68,4.529555905,68,10.38483549,68,7.291480237,68,11.26865128,68,13.69914469,68,11.33493746,68,11.73265456,34,6.433659032,34,4.79600037,34,10.65313671,34,6.297187477,68,9.147493388,68,10.56436057
70,4.087648012,70,10.38483549,70,7.291480237,70,11.48960522,70,13.92009863,70,11.33493746,70,11.73265456,35,6.316683414,35,4.79600037,35,10.93722036,35,6.297187477,70,7.556624973,70,10.44007398
72,4.529555905,72,10.38483549,72,7.512434183,72,11.48960522,72,13.69914469,72,11.33493746,72,11.53379601,36,6.316683414,36,4.79600037,36,10.79517853,36,6.297187477,72,8.749776284,72,10.93722036
74,4.419078931,74,10.60578944,74,7.512434183,74,11.71055917,74,14.14105258,74,11.33493746,74,11.93151311,37,6.433659032,37,4.679024751,37,11.07926218,37,6.462902937,74,7.357766421,74,11.06150695
76,4.419078931,76,10.60578944,76,7.512434183,76,11.48960522,76,13.92009863,76,11.33493746,76,11.73265456,38,6.433659032,38,4.679024751,38,11.36334582,38,6.462902937,76,9.147493388,76,10.81293376
78,4.529555905,78,10.60578944,78,7.954342076,78,11.71055917,78,14.36200653,78,11.33493746,78,11.73265456,39,6.433659032,39,4.79600037,39,11.93151311,39,6.462902937,78,8.749776284,78,11.06150695
80,4.640032878,80,10.82674338,80,7.73338813,80,11.71055917,80,14.14105258,80,11.33493746,80,11.73265456,40,6.433659032,40,4.79600037,40,11.78947129,40,6.297187477,80,9.147493388,80,11.06150695
82,4.529555905,82,11.04769733,82,7.73338813,82,11.71055917,82,14.36200653,82,11.33493746,82,11.73265456,41,6.433659032,41,4.79600037,41,12.07355494,41,6.462902937,82,8.948634836,82,10.68864717
84,4.640032878,84,11.04769733,84,7.73338813,84,11.48960522,84,14.14105258,84,11.33493746,84,11.73265456,42,6.433659032,42,4.912975988,42,12.49968041,42,6.462902937,84,9.545210492,84,11.06150695
86,4.860986825,86,10.82674338,86,7.954342076,86,11.93151311,86,14.36200653,86,11.33493746,86,11.73265456,43,6.433659032,43,4.445073513,43,12.49968041,43,6.297187477,86,9.942927596,86,11.18579355
88,4.640032878,88,11.04769733,88,7.954342076,88,11.93151311,88,14.36200653,88,11.33493746,88,11.73265456,44,6.550634651,44,4.679024751,44,12.64172223,44,6.462902937,88,8.948634836,88,11.18579355
90,4.640032878,90,11.26865128,90,7.954342076,90,12.15246706,90,14.14105258,90,11.33493746,90,11.73265456,45,6.316683414,45,4.79600037,45,12.92580587,45,6.628618397,90,9.942927596,90,11.31008014
92,4.640032878,92,11.48960522,92,7.954342076,92,12.15246706,92,14.36200653,92,11.33493746,92,11.93151311,46,6.199707795,46,4.79600037,46,12.92580587,46,6.462902937,92,9.545210492,92,11.43436673
94,4.750509851,94,11.04769733,94,7.954342076,94,12.15246706,94,14.58296047,94,11.13607891,94,11.93151311,47,6.433659032,47,4.679024751,47,13.0678477,47,6.794333857,94,9.744069044,94,11.31008014
96,4.750509851,96,11.48960522,96,7.954342076,96,12.59437495,96,14.58296047,96,11.13607891,96,11.93151311,48,6.433659032,48,4.912975988,48,13.0678477,48,6.628618397,96,9.34635194,96,11.31008014
98,4.750509851,98,11.71055917,98,7.512434183,98,12.8153289,98,14.58296047,98,11.13607891,98,11.93151311,49,6.433659032,49,5.029951607,49,13.0678477,49,6.960049317,98,9.545210492,98,11.18579355
100,4.860986825,100,11.93151311,100,7.954342076,100,12.59437495,100,14.58296047,100,11.13607891,100,12.13037167,50,6.433659032,50,4.912975988,50,13.49397317,50,6.794333857,100,9.942927596,100,11.31008014
102,4.860986825,102,11.71055917,102,8.39624997,102,12.59437495,102,14.58296047,102,11.33493746,102,11.93151311,51,6.433659032,51,4.79600037,51,13.63601499,51,6.960049317,102,9.744069044,102,11.68293992
104,4.750509851,104,11.48960522,104,8.617203916,104,12.8153289,104,14.58296047,104,11.33493746,104,12.13037167,52,6.433659032,52,4.912975988,52,13.49397317,52,6.960049317,104,9.744069044,104,11.55865333
106,4.860986825,106,11.93151311,106,8.175296023,106,13.03628285,106,14.58296047,106,11.53379601,106,11.93151311,53,6.433659032,53,4.912975988,53,13.49397317,53,6.960049317,106,10.14178615,106,11.68293992
108,4.971463798,108,11.48960522,108,8.175296023,108,12.59437495,108,14.80391442,108,11.33493746,108,11.93151311,54,6.66761027,54,4.679024751,54,13.35193134,54,6.960049317,108,9.942927596,108,11.31008014
110,4.860986825,110,11.71055917,110,8.175296023,110,12.8153289,110,14.80391442,110,11.33493746,110,11.93151311,55,6.550634651,55,4.912975988,55,13.63601499,55,7.125764777,110,10.14178615,110,11.80722652
112,4.860986825,112,11.71055917,112,7.954342076,112,12.8153289,112,14.58296047,112,11.33493746,112,11.93151311,56,6.66761027,56,5.146927226,56,13.77805681,56,7.125764777,112,10.3406447,112,11.93151311
114,4.750509851,114,11.71055917,114,8.175296023,114,12.8153289,114,14.80391442,114,11.53379601,114,11.93151311,57,6.550634651,57,4.912975988,57,13.49397317,57,7.291480237,114,9.942927596,114,11.80722652
116,4.750509851,116,11.71055917,116,8.175296023,116,13.03628285,116,14.80391442,116,11.53379601,116,11.93151311,58,6.550634651,58,5.029951607,58,13.63601499,58,6.960049317,116,10.14178615,116,12.05579971
118,5.081940771,118,11.93151311,118,8.39624997,118,13.47819074,118,15.02486837,118,11.13607891,118,11.93151311,59,6.550634651,59,4.912975988,59,13.63601499,59,7.457195697,118,9.942927596,118,11.80722652
120,4.860986825,120,11.93151311,120,7.73338813,120,13.03628285,120,15.02486837,120,11.33493746,120,11.93151311,60,6.550634651,60,5.029951607,60,13.77805681,60,7.291480237,120,10.14178615,120,12.05579971
122,4.750509851,122,11.71055917,122,8.39624997,122,13.47819074,122,15.02486837,122,11.33493746,122,12.13037167,61,6.550634651,61,5.146927226,61,13.77805681,61,7.125764777,122,10.3406447,122,11.93151311
124,4.971463798,124,12.15246706,124,8.175296023,124,13.25723679,124,14.58296047,124,11.33493746,124,11.93151311,62,6.550634651,62,5.029951607,62,13.92009863,62,7.291480237,124,10.3406447,124,12.05579971
126,4.971463798,126,12.15246706,126,8.617203916,126,13.25723679,126,15.24582231,126,11.33493746,126,11.73265456,63,6.433659032,63,5.146927226,63,13.92009863,63,7.125764777,126,10.3406447,126,12.42865949
128,4.971463798,128,11.93151311,128,8.39624997,128,13.47819074,128,15.24582231,128,11.33493746,128,11.93151311,64,6.66761027,64,5.029951607,64,14.06214046,64,7.291480237,128,10.14178615,128,12.05579971
130,4.971463798,130,11.93151311,130,8.175296023,130,13.69914469,130,15.24582231,130,11.33493746,130,11.93151311,65,6.66761027,65,5.146927226,65,14.06214046,65,7.291480237,130,9.744069044,130,12.3043729
132,5.081940771,132,11.71055917,132,8.175296023,132,13.69914469,132,15.24582231,132,11.53379601,132,11.93151311,66,6.66761027,66,5.263902845,66,14.20418228,66,7.457195697,132,10.53950325,132,12.05579971
134,5.192417744,134,12.15246706,134,8.39624997,134,13.69914469,134,15.24582231,134,11.53379601,134,11.93151311,67,6.550634651,67,5.146927226,67,14.20418228,67,7.457195697,134,10.14178615,134,12.42865949
136,5.081940771,136,12.37342101,136,8.175296023,136,13.92009863,136,15.46677626,136,11.53379601,136,11.93151311,68,6.550634651,68,5.146927226,68,14.3462241,68,7.457195697,136,10.53950325,136,11.93151311
138,5.081940771,138,12.15246706,138,8.838157863,138,14.14105258,138,15.24582231,138,11.53379601,138,12.13037167,69,6.433659032,69,5.029951607,69,14.48826593,69,7.622911157,138,10.3406447,138,12.3043729
140,5.192417744,140,12.37342101,140,8.175296023,140,14.14105258,140,15.24582231,140,11.33493746,140,11.93151311,70,6.433659032,70,5.029951607,70,14.20418228,70,7.457195697,140,10.3406447,140,12.05579971
142,5.081940771,142,12.37342101,142,8.617203916,142,14.14105258,142,15.24582231,142,11.33493746,142,11.73265456,71,6.433659032,71,5.029951607,71,14.48826593,71,7.622911157,142,10.3406447,142,12.3043729
144,5.192417744,144,11.93151311,144,8.617203916,144,14.14105258,144,15.46677626,144,11.33493746,144,12.13037167,72,6.550634651,72,5.029951607,72,14.63030775,72,7.457195697,144,10.53950325,144,12.67723268
146,5.081940771,146,12.37342101,146,8.617203916,146,14.14105258,146,15.46677626,146,11.13607891,146,11.93151311,73,6.550634651,73,5.146927226,73,14.63030775,73,7.457195697,146,10.3406447,146,12.55294609
148,5.192417744,148,12.37342101,148,8.39624997,148,13.69914469,148,15.46677626,148,11.33493746,148,12.13037167,74,6.433659032,74,5.380878464,74,15.05643322,74,7.622911157,148,10.53950325,148,12.67723268
150,5.192417744,150,12.37342101,150,8.838157863,150,14.14105258,150,15.90868415,150,11.33493746,150,11.93151311,75,6.433659032,75,5.263902845,75,14.77234957,75,7.622911157,150,9.34635194,150,12.55294609
152,5.081940771,152,12.15246706,152,8.617203916,152,14.58296047,152,15.68773021,152,11.13607891,152,11.93151311,76,6.66761027,76,5.380878464,76,15.05643322,76,7.457195697,152,8.948634836,152,12.92580587
154,5.192417744,154,12.37342101,154,8.838157863,154,14.58296047,154,15.68773021,154,11.33493746,154,11.73265456,77,6.550634651,77,5.146927226,77,15.19847504,77,7.622911157,154,10.53950325,154,13.05009247
156,5.413371691,156,12.15246706,156,8.617203916,156,14.80391442,156,15.46677626,156,11.33493746,156,11.93151311,78,6.66761027,78,5.263902845,78,15.05643322,78,7.291480237,156,9.942927596,156,12.92580587
158,5.413371691,158,12.15246706,158,8.39624997,158,14.80391442,158,15.68773021,158,11.33493746,158,11.73265456,79,6.550634651,79,5.263902845,79,15.19847504,79,7.457195697,158,10.3406447,158,13.17437906
160,5.302894718,160,12.59437495,160,8.39624997,160,14.58296047,160,15.68773021,160,11.33493746,160,11.93151311,80,6.550634651,80,5.497854082,80,15.34051686,80,7.291480237,160,10.53950325,160,12.80151928
162,5.192417744,162,12.8153289,162,8.39624997,162,15.02486837,162,15.90868415,162,11.13607891,162,12.13037167,81,6.550634651,81,5.380878464,81,15.19847504,81,7.457195697,162,10.3406447,162,13.05009247
164,5.302894718,164,12.37342101,164,8.39624997,164,14.80391442,164,15.90868415,164,11.33493746,164,12.13037167,82,6.433659032,82,5.380878464,82,15.48255868,82,7.291480237,164,10.53950325,164,13.05009247
166,5.413371691,166,12.37342101,166,8.39624997,166,15.02486837,166,15.90868415,166,11.33493746,166,12.13037167,83,6.784585889,83,5.263902845,83,15.62460051,83,7.457195697,166,10.3406447,166,12.92580587
168,5.302894718,168,12.59437495,168,8.175296023,168,14.58296047,168,16.1296381,168,11.33493746,168,11.93151311,84,6.66761027,84,5.380878464,84,15.76664233,84,7.457195697,168,10.7383618,168,13.42295225
170,5.523848664,170,12.37342101,170,8.838157863,170,15.02486837,170,15.90868415,170,11.33493746,170,12.32923022,85,6.433659032,85,5.029951607,85,15.90868415,85,7.457195697,170,10.7383618,170,13.17437906
172,5.413371691,172,11.26865128,172,8.617203916,172,15.24582231,172,15.90868415,172,11.33493746,172,12.13037167,86,6.66761027,86,5.497854082,86,16.05072598,86,7.457195697,172,10.93722036,172,12.92580587
174,5.302894718,174,12.59437495,174,8.617203916,174,15.02486837,174,16.1296381,174,11.33493746,174,12.13037167,87,6.66761027,87,5.263902845,87,15.76664233,87,7.457195697,174,10.53950325,174,12.92580587
176,5.192417744,176,12.37342101,176,8.617203916,176,15.46677626,176,16.1296381,176,11.33493746,176,12.13037167,88,6.550634651,88,5.380878464,88,16.05072598,88,7.457195697,176,10.3406447,176,13.54723885
178,5.302894718,178,12.8153289,178,8.617203916,178,15.46677626,178,16.1296381,178,11.33493746,178,12.32923022,89,6.66761027,89,5.497854082,89,16.05072598,89,7.622911157,178,11.53379601,178,13.29866566
180,5.302894718,180,12.8153289,180,8.838157863,180,15.68773021,180,15.90868415,180,11.33493746,180,12.13037167,90,6.550634651,90,5.497854082,90,16.1927678,90,7.291480237,180,10.93722036,180,13.42295225
182,5.302894718,182,13.03628285,182,8.838157863,182,15.46677626,182,16.1296381,182,11.33493746,182,12.13037167,91,6.550634651,91,5.497854082,91,16.1927678,91,7.622911157,182,10.93722036,182,13.42295225
184,5.081940771,184,13.03628285,184,8.838157863,184,15.68773021,184,15.90868415,184,11.33493746,184,11.93151311,92,6.550634651,92,5.263902845,92,16.1927678,92,7.457195697,184,10.93722036,184,13.54723885
186,5.302894718,186,13.03628285,186,8.838157863,186,15.68773021,186,16.1296381,186,11.33493746,186,11.93151311,93,6.550634651,93,5.380878464,93,16.47685144,93,7.622911157,186,11.13607891,186,13.79581204
188,5.302894718,188,13.03628285,188,8.838157863,188,15.68773021,188,16.1296381,188,11.33493746,188,12.13037167,94,6.66761027,94,5.614829701,94,16.33480962,94,7.788626617,188,10.7383618,188,13.67152544
190,5.081940771,190,12.59437495,190,8.838157863,190,15.90868415,190,16.1296381,190,11.33493746,190,12.13037167,95,6.66761027,95,5.497854082,95,16.47685144,95,7.622911157,190,10.3406447,190,13.67152544
192,5.192417744,192,12.8153289,192,8.617203916,192,15.90868415,192,16.35059205,192,11.53379601,192,12.13037167,96,6.66761027,96,5.614829701,96,16.47685144,96,7.954342076,192,11.13607891,192,13.29866566
194,5.192417744,194,12.8153289,194,8.838157863,194,15.90868415,194,16.35059205,194,11.53379601,194,12.13037167,97,6.66761027,97,5.146927226,97,16.76093509,97,7.788626617,194,10.7383618,194,13.54723885
196,5.413371691,196,13.25723679,196,9.059111809,196,16.1296381,196,16.1296381,196,11.33493746,196,11.73265456,98,6.66761027,98,5.614829701,98,16.61889327,98,7.622911157,196,10.93722036,196,13.42295225
198,5.634325638,198,12.59437495,198,9.059111809,198,15.90868415,198,16.35059205,198,11.33493746,198,12.13037167,99,6.66761027,99,5.614829701,99,16.61889327,99,7.954342076,198,11.13607891,198,13.67152544
200,5.523848664,200,13.03628285,200,9.059111809,200,15.90868415,200,16.35059205,200,11.33493746,200,11.93151311,100,6.550634651,100,5.614829701,100,16.76093509,100,7.788626617,200,10.93722036,200,13.67152544
202,5.413371691,202,13.03628285,202,8.838157863,202,15.68773021,202,16.35059205,202,11.33493746,202,12.13037167,101,6.550634651,101,5.614829701,101,16.76093509,101,7.788626617,202,10.3406447,202,13.79581204
204,5.523848664,204,13.25723679,204,8.617203916,204,15.90868415,204,16.57154599,204,11.13607891,204,12.13037167,102,6.66761027,102,5.497854082,102,16.90297691,102,7.788626617,204,10.93722036,204,13.42295225
206,5.413371691,206,13.25723679,206,8.838157863,206,15.90868415,206,16.57154599,206,11.33493746,206,11.93151311,103,6.784585889,103,5.497854082,103,17.04501874,103,7.788626617,206,11.13607891,206,13.79581204
208,5.523848664,208,13.03628285,208,8.838157863,208,15.90868415,208,16.35059205,208,11.33493746,208,12.13037167,104,6.550634651,104,5.497854082,104,16.90297691,104,7.788626617,208,10.7383618,208,13.92009863
210,5.413371691,210,13.03628285,210,8.838157863,210,15.90868415,210,16.57154599,210,11.33493746,210,12.13037167,105,6.433659032,105,5.497854082,105,16.90297691,105,7.954342076,210,11.13607891,210,13.92009863
212,5.523848664,212,12.8153289,212,8.838157863,212,16.1296381,212,16.35059205,212,11.33493746,212,11.93151311,106,6.550634651,106,5.614829701,106,16.90297691,106,7.954342076,212,11.13607891,212,14.04438523
214,5.302894718,214,13.03628285,214,9.059111809,214,16.1296381,214,16.57154599,214,11.53379601,214,12.13037167,107,6.784585889,107,5.73180532,107,17.04501874,107,7.954342076,214,11.13607891,214,13.67152544
216,5.413371691,216,12.8153289,216,9.280065756,216,16.1296381,216,16.35059205,216,11.33493746,216,12.13037167,108,6.550634651,108,5.614829701,108,17.04501874,108,7.788626617,216,11.33493746,216,14.16867182
218,5.523848664,218,13.03628285,218,9.280065756,218,16.35059205,218,16.79249994,218,11.33493746,218,12.13037167,109,6.550634651,109,5.614829701,109,17.18706056,109,7.954342076,218,11.33493746,218,13.67152544
220,5.302894718,220,13.03628285,220,8.838157863,220,16.35059205,220,16.79249994,220,11.33493746,220,11.93151311,110,6.550634651,110,5.73180532,110,17.04501874,110,7.954342076,220,11.33493746,220,14.04438523
222,5.413371691,222,12.8153289,222,9.059111809,222,16.57154599,222,16.57154599,222,11.33493746,222,12.13037167,111,6.66761027,111,5.497854082,111,17.18706056,111,8.120057536,222,11.33493746,222,13.92009863
224,5.523848664,224,13.25723679,224,9.059111809,224,16.57154599,224,16.57154599,224,11.33493746,224,12.13037167,112,6.784585889,112,5.380878464,112,16.90297691,112,8.120057536,224,11.33493746,224,14.16867182
226,5.413371691,226,13.25723679,226,8.838157863,226,16.79249994,226,16.57154599,226,11.33493746,226,12.13037167,113,6.66761027,113,5.380878464,113,16.90297691,113,8.120057536,226,11.33493746,226,14.29295842
228,5.302894718,228,13.03628285,228,9.280065756,228,16.79249994,228,16.79249994,228,11.33493746,228,12.32923022,114,6.784585889,114,5.614829701,114,16.90297691,114,8.285772996,228,11.33493746,228,14.16867182
230,5.634325638,230,13.25723679,230,8.838157863,230,16.79249994,230,16.57154599,230,11.33493746,230,12.13037167,115,6.784585889,115,5.380878464,115,17.18706056,115,8.120057536,230,11.13607891,230,14.41724501
232,5.523848664,232,13.47819074,232,9.501019702,232,16.79249994,232,16.57154599,232,11.33493746,232,12.13037167,116,6.784585889,116,5.614829701,116,17.18706056,116,8.120057536,232,11.13607891,232,14.16867182
234,5.523848664,234,13.47819074,234,8.838157863,234,16.79249994,234,16.79249994,234,11.33493746,234,12.13037167,117,6.784585889,117,5.497854082,117,17.18706056,117,8.285772996,234,11.33493746,234,14.41724501
236,5.523848664,236,13.25723679,236,9.280065756,236,17.01345389,236,16.79249994,236,11.33493746,236,12.32923022,118,6.901561508,118,5.614829701,118,17.18706056,118,8.285772996,236,11.13607891,236,14.29295842
238,5.523848664,238,13.25723679,238,9.059111809,238,16.79249994,238,17.01345389,238,11.33493746,238,12.13037167,119,6.784585889,119,5.614829701,119,17.04501874,119,8.451488456,238,11.13607891,238,14.29295842
240,5.634325638,240,13.47819074,240,9.059111809,240,17.01345389,240,17.01345389,240,11.53379601,240,12.32923022,120,6.66761027,120,5.614829701,120,16.90297691,120,7.954342076,240,11.53379601,240,14.04438523
242,5.634325638,242,13.03628285,242,9.280065756,242,16.79249994,242,17.01345389,242,11.13607891,242,11.73265456,121,6.66761027,121,5.497854082,121,17.04501874,121,8.285772996,242,10.7383618,242,14.29295842
244,5.634325638,244,13.03628285,244,9.280065756,244,16.57154599,244,17.01345389,244,11.33493746,244,11.93151311,122,6.66761027,122,5.73180532,122,17.32910238,122,8.285772996,244,11.53379601,244,14.29295842
246,5.302894718,246,12.8153289,246,8.838157863,246,16.79249994,246,17.01345389,246,11.33493746,246,12.13037167,123,6.784585889,123,5.614829701,123,17.04501874,123,8.120057536,246,11.13607891,246,14.29295842
248,5.413371691,248,13.03628285,248,9.059111809,248,17.23440783,248,17.23440783,248,11.33493746,248,12.32923022,124,6.901561508,124,5.614829701,124,17.04501874,124,8.451488456,248,11.13607891,248,14.6658182
250,5.413371691,250,13.03628285,250,9.059111809,250,16.79249994,250,17.01345389,250,11.33493746,250,12.13037167,125,6.784585889,125,5.73180532,125,17.18706056,125,8.120057536,250,11.13607891,250,14.54153161
252,5.634325638,252,12.8153289,252,9.059111809,252,17.01345389,252,17.01345389,252,11.33493746,252,12.13037167,126,6.784585889,126,5.73180532,126,17.61318603,126,8.120057536,252,11.33493746,252,14.7901048
254,5.413371691,254,13.47819074,254,9.280065756,254,17.01345389,254,17.23440783,254,11.33493746,254,11.93151311,127,6.784585889,127,5.497854082,127,17.32910238,127,8.120057536,254,10.7383618,254,14.29295842
256,5.302894718,256,13.47819074,256,9.280065756,256,17.23440783,256,17.01345389,256,11.33493746,256,11.93151311,128,6.66761027,128,5.614829701,128,17.32910238,128,7.788626617,256,11.13607891,256,14.54153161
258,5.413371691,258,13.25723679,258,9.280065756,258,17.23440783,258,17.23440783,258,11.33493746,258,11.93151311,129,6.784585889,129,5.848780939,129,17.32910238,129,8.120057536,258,10.3406447,258,14.6658182
260,5.302894718,260,13.69914469,260,9.280065756,260,17.23440783,260,17.23440783,260,11.33493746,260,12.32923022,130,6.784585889,130,5.73180532,130,17.18706056,130,7.954342076,260,11.33493746,260,14.29295842
262,5.523848664,262,13.03628285,262,8.838157863,262,17.23440783,262,17.23440783,262,11.53379601,262,12.13037167,131,6.901561508,131,5.965756557,131,17.18706056,131,8.285772996,262,10.7383618,262,14.6658182
264,5.192417744,264,13.25723679,264,9.059111809,264,17.23440783,264,17.23440783,264,11.53379601,264,11.93151311,132,6.66761027,132,5.848780939,132,17.32910238,132,8.120057536,264,10.93722036,264,14.7901048
266,5.523848664,266,13.03628285,266,9.280065756,266,17.01345389,266,17.45536178,266,11.33493746,266,12.13037167,133,6.66761027,133,5.848780939,133,17.32910238,133,8.120057536,266,10.7383618,266,15.16296458
268,5.523848664,268,13.25723679,268,9.280065756,268,17.23440783,268,17.01345389,268,11.33493746,268,12.32923022,134,6.784585889,134,5.848780939,134,17.18706056,134,8.120057536,268,11.13607891,268,14.6658182
270,5.413371691,270,13.69914469,270,9.059111809,270,17.01345389,270,17.23440783,270,11.33493746,270,12.13037167,135,6.901561508,135,5.848780939,135,17.18706056,135,8.285772996,270,10.93722036,270,14.91439139
272,5.413371691,272,13.25723679,272,9.280065756,272,17.01345389,272,17.45536178,272,11.33493746,272,12.13037167,136,6.66761027,136,5.965756557,136,17.32910238,136,8.285772996,272,11.33493746,272,15.03867799
274,5.523848664,274,13.47819074,274,9.059111809,274,17.01345389,274,17.45536178,274,11.33493746,274,12.13037167,137,6.901561508,137,5.848780939,137,17.4711442,137,8.285772996,274,11.33493746,274,14.7901048
276,5.413371691,276,13.47819074,276,9.280065756,276,17.23440783,276,17.23440783,276,11.53379601,276,12.13037167,138,6.784585889,138,5.73180532,138,17.4711442,138,8.285772996,276,10.7383618,276,14.6658182
278,5.413371691,278,13.69914469,278,9.280065756,278,17.01345389,278,17.23440783,278,11.33493746,278,12.13037167,139,6.784585889,139,5.965756557,139,17.32910238,139,8.451488456,278,11.13607891,278,15.16296458
280,5.302894718,280,13.47819074,280,9.280065756,280,17.23440783,280,17.45536178,280,11.33493746,280,12.13037167,140,6.784585889,140,5.848780939,140,17.18706056,140,8.120057536,280,10.93722036,280,15.03867799
282,5.413371691,282,13.47819074,282,9.501019702,282,17.23440783,282,17.45536178,282,11.53379601,282,12.13037167,141,6.901561508,141,6.082732176,141,17.18706056,141,8.285772996,282,11.13607891,282,15.03867799
284,5.523848664,284,13.69914469,284,9.280065756,284,17.01345389,284,17.45536178,284,11.53379601,284,11.93151311,142,6.66761027,142,5.965756557,142,17.32910238,142,8.451488456,284,11.13607891,284,15.28725118
286,5.413371691,286,13.47819074,286,9.280065756,286,17.01345389,286,17.45536178,286,11.53379601,286,12.13037167,143,6.784585889,143,5.848780939,143,17.4711442,143,8.451488456,286,11.13607891,286,15.41153777
288,5.413371691,288,13.92009863,288,9.501019702,288,17.45536178,288,17.45536178,288,11.53379601,288,12.13037167,144,6.66761027,144,5.965756557,144,17.32910238,144,8.451488456,288,10.93722036,288,15.28725118
290,5.302894718,290,13.92009863,290,9.280065756,290,17.23440783,290,17.45536178,290,11.33493746,290,12.13037167,145,6.784585889,145,5.965756557,145,17.32910238,145,8.120057536,290,10.93722036,290,15.16296458
292,5.523848664,292,13.47819074,292,9.280065756,292,17.23440783,292,17.45536178,292,11.53379601,292,12.13037167,146,6.901561508,146,5.848780939,146,17.18706056,146,8.451488456,292,10.93722036,292,15.41153777
294,5.413371691,294,13.92009863,294,8.838157863,294,17.23440783,294,17.45536178,294,11.53379601,294,12.13037167,147,6.784585889,147,5.848780939,147,17.32910238,147,8.285772996,294,11.33493746,294,15.41153777
296,5.413371691,296,13.47819074,296,9.501019702,296,17.45536178,296,17.67631573,296,11.53379601,296,12.13037167,148,6.784585889,148,5.965756557,148,17.18706056,148,8.285772996,296,10.53950325,296,15.28725118
298,5.413371691,298,13.47819074,298,9.280065756,298,17.45536178,298,17.45536178,298,11.53379601,298,12.13037167,149,6.901561508,149,6.082732176,149,17.18706056,149,8.617203916,298,11.13607891,298,15.53582437
300,5.413371691,300,13.47819074,300,9.280065756,300,17.23440783,300,17.67631573,300,11.33493746,300,12.13037167,150,6.784585889,150,6.082732176,150,17.32910238,150,8.120057536,300,11.33493746,300,15.66011096
302,5.634325638,302,13.92009863,302,9.280065756,302,17.45536178,302,17.45536178,302,11.33493746,302,12.32923022,151,6.784585889,151,6.199707795,151,17.32910238,151,8.451488456,302,9.942927596,302,15.66011096
304,5.413371691,304,13.69914469,304,9.280065756,304,17.45536178,304,17.45536178,304,11.33493746,304,11.73265456,152,6.901561508,152,5.965756557,152,17.32910238,152,8.451488456,304,10.93722036,304,15.41153777
306,5.413371691,306,13.69914469,306,9.721973649,306,17.45536178,306,17.67631573,306,11.53379601,306,12.13037167,153,6.784585889,153,6.316683414,153,17.4711442,153,8.285772996,306,10.93722036,306,15.66011096
308,5.192417744,308,13.69914469,308,9.501019702,308,17.67631573,308,17.67631573,308,11.53379601,308,12.13037167,154,6.784585889,154,6.316683414,154,17.4711442,154,8.451488456,308,10.7383618,308,15.53582437
310,5.413371691,310,13.69914469,310,9.059111809,310,17.45536178,310,17.45536178,310,11.33493746,310,12.13037167,155,6.901561508,155,6.199707795,155,17.4711442,155,8.285772996,310,10.7383618,310,15.66011096
312,5.523848664,312,13.69914469,312,9.942927596,312,17.45536178,312,17.45536178,312,11.53379601,312,11.93151311,156,6.784585889,156,6.082732176,156,17.4711442,156,8.285772996,312,11.33493746,312,15.78439756
314,5.413371691,314,13.69914469,314,9.501019702,314,17.67631573,314,17.67631573,314,11.33493746,314,12.32923022,157,6.784585889,157,6.316683414,157,17.32910238,157,8.451488456,314,10.93722036,314,15.78439756
316,5.302894718,316,13.92009863,316,9.280065756,316,17.45536178,316,17.45536178,316,11.13607891,316,12.32923022,158,6.901561508,158,6.082732176,158,17.61318603,158,8.285772996,316,10.93722036,316,15.53582437
318,5.413371691,318,13.69914469,318,9.501019702,318,17.67631573,318,17.67631573,318,11.53379601,318,12.13037167,159,7.018537126,159,5.965756557,159,17.4711442,159,8.451488456,318,10.93722036,318,15.41153777
320,5.413371691,320,13.69914469,320,9.501019702,320,17.67631573,320,17.45536178,320,11.33493746,320,11.93151311,160,7.018537126,160,6.199707795,160,17.32910238,160,8.120057536,320,10.7383618,320,16.03297075
322,5.523848664,322,13.69914469,322,9.280065756,322,17.67631573,322,17.67631573,322,11.73265456,322,12.13037167,161,6.901561508,161,6.082732176,161,17.32910238,161,8.451488456,322,11.13607891,322,15.66011096
324,5.413371691,324,13.92009863,324,9.501019702,324,17.89726967,324,17.67631573,324,11.33493746,324,11.73265456,162,6.901561508,162,6.082732176,162,17.4711442,162,8.451488456,324,11.13607891,324,16.15725734
326,5.413371691,326,13.69914469,326,9.721973649,326,17.89726967,326,17.67631573,326,11.33493746,326,12.32923022,163,6.901561508,163,6.316683414,163,17.32910238,163,8.285772996,326,11.13607891,326,15.90868415
328,5.192417744,328,13.69914469,328,9.501019702,328,17.89726967,328,17.67631573,328,11.53379601,328,12.13037167,164,6.901561508,164,6.199707795,164,17.4711442,164,8.451488456,328,10.93722036,328,15.90868415
330,5.192417744,330,13.92009863,330,9.942927596,330,17.89726967,330,17.67631573,330,11.53379601,330,12.13037167,165,6.901561508,165,6.082732176,165,17.61318603,165,8.451488456,330,10.7383618,330,15.90868415
332,5.413371691,332,13.69914469,332,9.721973649,332,17.89726967,332,17.45536178,332,11.53379601,332,12.32923022,166,6.784585889,166,6.082732176,166,17.4711442,166,8.617203916,332,11.33493746,332,16.03297075
334,5.413371691,334,13.92009863,334,9.501019702,334,17.89726967,334,17.67631573,334,11.53379601,334,12.32923022,167,7.018537126,167,6.199707795,167,17.4711442,167,8.617203916,334,11.13607891,334,16.15725734
336,5.523848664,336,14.14105258,336,9.721973649,336,18.11822362,336,17.67631573,336,11.33493746,336,11.93151311,168,6.901561508,168,6.433659032,168,17.4711442,168,8.285772996,336,11.33493746,336,16.03297075
338,5.413371691,338,13.92009863,338,9.721973649,338,17.67631573,338,17.67631573,338,11.53379601,338,12.13037167,169,7.018537126,169,6.316683414,169,17.61318603,169,8.782919376,338,10.93722036,338,16.03297075
340,5.523848664,340,13.92009863,340,9.721973649,340,17.89726967,340,17.89726967,340,11.53379601,340,12.32923022,170,7.018537126,170,6.199707795,170,17.61318603,170,8.451488456,340,11.33493746,340,16.03297075
342,5.413371691,342,13.92009863,342,9.721973649,342,17.89726967,342,17.89726967,342,11.53379601,342,12.13037167,171,6.901561508,171,6.199707795,171,17.4711442,171,8.617203916,342,10.93722036,342,16.28154394
344,5.302894718,344,13.69914469,344,9.942927596,344,18.11822362,344,17.67631573,344,11.53379601,344,12.32923022,172,6.901561508,172,6.082732176,172,17.61318603,172,8.451488456,344,11.13607891,344,16.15725734
346,5.413371691,346,13.92009863,346,9.942927596,346,18.11822362,346,17.67631573,346,11.53379601,346,11.73265456,173,7.018537126,173,6.433659032,173,17.4711442,173,8.451488456,346,10.7383618,346,15.78439756
348,5.302894718,348,13.92009863,348,9.942927596,348,17.89726967,348,17.67631573,348,11.53379601,348,12.13037167,174,7.018537126,174,6.199707795,174,17.61318603,174,8.948634836,348,10.7383618,348,16.40583053
350,5.523848664,350,13.47819074,350,9.501019702,350,18.11822362,350,17.89726967,350,11.33493746,350,12.32923022,175,6.901561508,175,6.199707795,175,17.75522785,175,8.617203916,350,11.13607891,350,16.40583053
352,5.413371691,352,13.47819074,352,9.942927596,352,18.11822362,352,17.89726967,352,11.33493746,352,12.32923022,176,7.018537126,176,6.433659032,176,17.61318603,176,8.617203916,352,10.93722036,352,16.40583053
354,5.634325638,354,13.69914469,354,9.280065756,354,18.11822362,354,17.89726967,354,11.53379601,354,11.93151311,177,7.018537126,177,6.316683414,177,17.61318603,177,8.782919376,354,11.13607891,354,16.40583053
356,5.413371691,356,13.92009863,356,9.721973649,356,18.11822362,356,17.89726967,356,11.33493746,356,12.13037167,178,6.901561508,178,6.433659032,178,17.89726967,178,8.451488456,356,10.93722036,356,16.28154394
358,5.413371691,358,13.92009863,358,9.721973649,358,18.11822362,358,17.67631573,358,11.53379601,358,12.32923022,179,7.018537126,179,6.550634651,179,17.75522785,179,8.617203916,358,10.93722036,358,16.15725734
360,5.302894718,360,13.92009863,360,9.721973649,360,17.89726967,360,17.67631573,360,11.33493746,360,12.32923022,180,7.018537126,180,6.316683414,180,17.75522785,180,8.451488456,360,10.93722036,360,16.65440372
362,5.302894718,362,13.92009863,362,9.721973649,362,18.11822362,362,17.67631573,362,11.53379601,362,12.32923022,181,7.018537126,181,6.199707795,181,17.61318603,181,8.782919376,362,10.7383618,362,16.40583053
364,5.413371691,364,13.92009863,364,9.721973649,364,18.33917757,364,17.67631573,364,11.53379601,364,12.32923022,182,6.901561508,182,6.316683414,182,17.89726967,182,8.782919376,364,10.93722036,364,16.28154394
366,5.302894718,366,13.47819074,366,9.942927596,366,18.11822362,366,17.89726967,366,11.73265456,366,12.32923022,183,7.018537126,183,6.316683414,183,17.75522785,183,8.617203916,366,10.7383618,366,16.65440372
368,5.302894718,368,13.92009863,368,9.501019702,368,18.56013151,368,17.45536178,368,11.53379601,368,12.32923022,184,6.901561508,184,6.550634651,184,17.89726967,184,8.948634836,368,10.93722036,368,16.40583053
370,5.192417744,370,13.69914469,370,9.501019702,370,18.56013151,370,17.89726967,370,11.53379601,370,12.32923022,185,6.901561508,185,6.550634651,185,18.03931149,185,8.782919376,370,11.13607891,370,16.65440372
372,5.192417744,372,13.69914469,372,9.721973649,372,18.56013151,372,17.89726967,372,11.53379601,372,12.32923022,186,7.018537126,186,6.433659032,186,17.75522785,186,8.617203916,372,11.33493746,372,16.53011713
374,5.523848664,374,12.8153289,374,9.501019702,374,18.33917757,374,17.89726967,374,11.53379601,374,12.32923022,187,6.901561508,187,6.433659032,187,17.75522785,187,8.782919376,374,11.13607891,374,16.90297691
376,5.413371691,376,13.92009863,376,9.501019702,376,18.56013151,376,18.11822362,376,11.53379601,376,12.32923022,188,6.901561508,188,6.550634651,188,17.75522785,188,8.451488456,376,11.13607891,376,16.65440372
378,5.302894718,378,13.92009863,378,9.721973649,378,18.33917757,378,17.89726967,378,11.53379601,378,12.32923022,189,6.901561508,189,6.66761027,189,17.75522785,189,8.617203916,378,11.33493746,378,16.90297691
380,5.523848664,380,13.92009863,380,9.942927596,380,18.56013151,380,17.67631573,380,11.73265456,380,12.32923022,190,7.018537126,190,6.433659032,190,17.89726967,190,8.617203916,380,10.93722036,380,16.77869032
382,5.302894718,382,13.69914469,382,9.721973649,382,18.56013151,382,17.89726967,382,11.53379601,382,12.13037167,191,6.901561508,191,6.433659032,191,17.61318603,191,8.617203916,382,11.33493746,382,16.90297691
384,5.302894718,384,13.92009863,384,9.942927596,384,18.33917757,384,17.89726967,384,11.53379601,384,12.32923022,192,7.018537126,192,6.784585889,192,17.89726967,192,8.782919376,384,10.7383618,384,17.1515501
386,5.413371691,386,14.14105258,386,9.721973649,386,18.56013151,386,17.89726967,386,11.53379601,386,12.13037167,193,6.784585889,193,6.550634651,193,17.75522785,193,8.782919376,386,11.13607891,386,17.1515501
388,5.413371691,388,13.92009863,388,9.721973649,388,18.56013151,388,17.89726967,388,11.53379601,388,12.32923022,194,7.018537126,194,6.901561508,194,17.89726967,194,8.782919376,388,10.93722036,388,17.02726351
390,5.523848664,390,14.14105258,390,9.942927596,390,18.56013151,390,17.89726967,390,11.53379601,390,12.13037167,195,7.018537126,195,6.66761027,195,17.89726967,195,8.617203916,390,10.53950325,390,17.2758367
392,5.302894718,392,13.92009863,392,9.942927596,392,18.56013151,392,18.11822362,392,11.73265456,392,12.13037167,196,7.018537126,196,6.66761027,196,17.75522785,196,8.782919376,392,10.93722036,392,17.2758367
394,5.634325638,394,14.36200653,394,9.280065756,394,18.56013151,394,18.11822362,394,11.73265456,394,12.13037167,197,7.018537126,197,6.66761027,197,17.75522785,197,8.782919376,394,11.33493746,394,17.1515501
396,5.523848664,396,14.80391442,396,9.501019702,396,18.56013151,396,18.11822362,396,11.93151311,396,12.32923022,198,6.784585889,198,6.433659032,198,17.75522785,198,8.782919376,396,10.7383618,396,16.90297691
398,5.523848664,398,14.36200653,398,9.721973649,398,18.78108546,398,17.89726967,398,11.73265456,398,12.32923022,199,6.901561508,199,6.66761027,199,17.61318603,199,8.782919376,398,11.13607891,398,17.1515501
400,5.523848664,400,14.36200653,400,9.501019702,400,18.78108546,400,17.89726967,400,11.73265456,400,11.73265456,200,7.018537126,200,6.550634651,200,17.75522785,200,8.782919376,400,10.93722036,400,17.40012329
,,402,13.92009863,402,9.942927596,402,18.78108546,402,17.89726967,402,11.73265456,402,12.13037167,201,7.018537126,201,6.784585889,201,17.89726967,201,8.782919376,402,10.93722036,402,17.2758367
,,404,14.14105258,404,9.721973649,404,18.78108546,404,18.11822362,404,11.53379601,404,11.93151311,202,7.018537126,202,6.784585889,202,17.89726967,202,8.948634836,404,11.13607891,404,17.40012329
,,406,14.36200653,406,9.501019702,406,18.78108546,406,18.11822362,406,11.53379601,406,12.13037167,203,7.018537126,203,6.901561508,203,17.75522785,203,8.617203916,406,11.13607891,406,17.40012329
,,408,14.14105258,408,9.721973649,408,18.78108546,408,18.11822362,408,11.73265456,408,12.13037167,204,7.018537126,204,6.66761027,204,17.75522785,204,8.948634836,408,10.7383618,408,17.52440989
,,410,14.36200653,410,9.942927596,410,18.56013151,410,17.89726967,410,11.73265456,410,12.32923022,205,6.901561508,205,6.66761027,205,17.89726967,205,8.782919376,410,11.13607891,410,17.52440989
,,412,14.14105258,412,9.721973649,412,18.56013151,412,18.11822362,412,11.93151311,412,12.13037167,206,7.018537126,206,6.901561508,206,17.89726967,206,8.617203916,412,10.7383618,412,17.52440989
,,414,14.14105258,414,9.501019702,414,18.78108546,414,18.11822362,414,11.73265456,414,11.93151311,207,6.784585889,207,6.901561508,207,17.89726967,207,9.114350296,414,11.13607891,414,17.64869648
,,416,14.14105258,416,9.501019702,416,18.78108546,416,18.11822362,416,11.73265456,416,12.13037167,208,7.018537126,208,7.018537126,208,17.75522785,208,8.782919376,416,11.13607891,416,17.64869648
,,418,14.14105258,418,9.721973649,418,18.78108546,418,18.11822362,418,11.73265456,418,11.93151311,209,7.018537126,209,6.66761027,209,17.75522785,209,8.948634836,418,11.13607891,418,17.64869648
,,420,13.92009863,420,9.721973649,420,18.78108546,420,18.11822362,420,11.73265456,420,12.32923022,210,7.135512745,210,6.784585889,210,18.03931149,210,8.948634836,420,11.13607891,420,17.64869648
,,422,14.58296047,422,9.721973649,422,19.22299335,422,18.11822362,422,11.53379601,422,12.13037167,211,7.018537126,211,7.018537126,211,17.75522785,211,8.948634836,422,11.53379601,422,17.52440989
,,424,13.92009863,424,9.501019702,424,19.0020394,424,17.89726967,424,11.73265456,424,11.93151311,212,6.901561508,212,6.901561508,212,17.89726967,212,8.948634836,424,10.93722036,424,17.77298308
,,426,13.92009863,426,9.721973649,426,18.78108546,426,17.89726967,426,11.73265456,426,12.32923022,213,7.018537126,213,6.784585889,213,17.89726967,213,8.948634836,426,11.33493746,426,17.77298308
,,428,14.36200653,428,9.942927596,428,18.78108546,428,18.11822362,428,11.93151311,428,12.52808877,214,7.018537126,214,6.901561508,214,17.89726967,214,8.948634836,428,11.53379601,428,17.89726967
,,430,13.92009863,430,10.16388154,430,18.78108546,430,18.11822362,430,11.73265456,430,12.32923022,215,7.018537126,215,6.784585889,215,17.89726967,215,9.280065756,430,11.13607891,430,17.77298308
,,432,14.36200653,432,10.16388154,432,18.78108546,432,18.33917757,432,11.53379601,432,12.52808877,216,7.135512745,216,6.784585889,216,17.75522785,216,9.114350296,432,11.53379601,432,17.77298308
,,434,14.14105258,434,9.942927596,434,19.0020394,434,18.33917757,434,11.73265456,434,12.32923022,217,6.901561508,217,6.784585889,217,17.89726967,217,8.948634836,434,11.33493746,434,18.02155627
,,436,13.92009863,436,9.721973649,436,18.78108546,436,18.11822362,436,11.73265456,436,12.32923022,218,7.018537126,218,6.550634651,218,17.89726967,218,9.114350296,436,11.53379601,436,17.77298308
,,438,14.36200653,438,9.721973649,438,18.78108546,438,18.11822362,438,11.73265456,438,12.52808877,219,6.901561508,219,7.018537126,219,17.75522785,219,9.114350296,438,11.13607891,438,18.02155627
,,440,14.36200653,440,10.16388154,440,19.0020394,440,18.33917757,440,11.93151311,440,12.13037167,220,6.901561508,220,7.018537126,220,18.03931149,220,9.114350296,440,10.93722036,440,17.77298308
,,442,14.14105258,442,9.942927596,442,18.78108546,442,18.11822362,442,11.73265456,442,12.32923022,221,6.901561508,221,6.901561508,221,18.03931149,221,9.114350296,442,10.93722036,442,18.14584286
,,444,14.36200653,444,9.942927596,444,19.0020394,444,18.11822362,444,11.73265456,444,12.32923022,222,6.901561508,222,6.433659032,222,17.89726967,222,9.445781216,444,10.93722036,444,18.27012946
,,446,14.14105258,446,9.942927596,446,19.0020394,446,18.11822362,446,11.73265456,446,12.32923022,223,7.135512745,223,6.66761027,223,17.75522785,223,9.280065756,446,11.13607891,446,18.27012946
,,448,13.92009863,448,9.721973649,448,19.0020394,448,18.11822362,448,11.53379601,448,12.32923022,224,7.135512745,224,6.901561508,224,17.75522785,224,9.280065756,448,11.13607891,448,18.27012946
,,450,14.14105258,450,10.16388154,450,19.22299335,450,18.33917757,450,11.53379601,450,12.32923022,225,7.018537126,225,6.901561508,225,18.18135332,225,9.280065756,450,10.93722036,450,18.27012946
,,452,13.25723679,452,10.16388154,452,19.22299335,452,18.11822362,452,11.73265456,452,12.32923022,226,6.901561508,226,7.135512745,226,17.75522785,226,9.114350296,452,10.7383618,452,18.27012946
,,454,14.14105258,454,10.16388154,454,19.0020394,454,18.33917757,454,11.73265456,454,12.32923022,227,7.135512745,227,6.784585889,227,17.75522785,227,9.280065756,454,11.13607891,454,18.51870265
,,456,14.14105258,456,9.721973649,456,19.22299335,456,18.11822362,456,11.93151311,456,12.52808877,228,7.018537126,228,7.018537126,228,17.89726967,228,9.280065756,456,11.13607891,456,18.27012946
,,458,14.14105258,458,10.38483549,458,19.22299335,458,18.11822362,458,11.73265456,458,12.13037167,229,7.018537126,229,6.784585889,229,17.75522785,229,9.280065756,458,11.33493746,458,18.39441605
,,460,13.92009863,460,9.942927596,460,19.0020394,460,18.11822362,460,11.53379601,460,12.52808877,230,7.018537126,230,6.901561508,230,17.89726967,230,9.280065756,460,11.13607891,460,18.02155627
,,462,13.69914469,462,10.38483549,462,19.0020394,462,18.11822362,462,11.93151311,462,12.13037167,231,7.135512745,231,6.901561508,231,17.89726967,231,9.280065756,462,10.7383618,462,18.51870265
,,464,13.92009863,464,9.942927596,464,19.22299335,464,18.11822362,464,11.93151311,464,12.32923022,232,6.901561508,232,6.901561508,232,17.75522785,232,9.445781216,464,11.33493746,464,18.51870265
,,466,14.14105258,466,10.16388154,466,19.22299335,466,18.11822362,466,11.73265456,466,12.32923022,233,6.901561508,233,6.550634651,233,17.89726967,233,9.280065756,466,10.93722036,466,18.51870265
,,468,14.14105258,468,9.942927596,468,19.0020394,468,18.33917757,468,11.73265456,468,12.52808877,234,6.901561508,234,7.018537126,234,17.89726967,234,9.280065756,468,11.13607891,468,18.64298924
,,470,13.92009863,470,10.38483549,470,19.22299335,470,18.11822362,470,11.73265456,470,12.52808877,235,7.018537126,235,7.252488364,235,17.61318603,235,9.280065756,470,11.13607891,470,18.76727584
,,472,14.14105258,472,10.16388154,472,19.22299335,472,18.11822362,472,11.93151311,472,12.32923022,236,7.018537126,236,6.901561508,236,17.89726967,236,9.114350296,472,10.93722036,472,18.27012946
,,474,13.92009863,474,9.942927596,474,19.22299335,474,18.33917757,474,12.13037167,474,12.32923022,237,7.018537126,237,6.901561508,237,17.75522785,237,9.611496676,474,10.7383618,474,18.64298924
,,476,14.14105258,476,9.942927596,476,19.22299335,476,18.33917757,476,11.73265456,476,12.13037167,238,7.018537126,238,6.901561508,238,17.75522785,238,9.280065756,476,10.93722036,476,18.39441605
,,478,14.14105258,478,10.38483549,478,19.4439473,478,18.11822362,478,11.93151311,478,12.32923022,239,6.901561508,239,7.018537126,239,18.18135332,239,9.445781216,478,10.7383618,478,19.01584903
,,480,14.36200653,480,9.721973649,480,19.0020394,480,18.11822362,480,11.93151311,480,12.32923022,240,7.018537126,240,6.550634651,240,17.75522785,240,9.445781216,480,11.33493746,480,18.89156243
,,482,14.14105258,482,9.942927596,482,19.4439473,482,18.33917757,482,11.93151311,482,12.32923022,241,6.784585889,241,7.018537126,241,17.61318603,241,9.280065756,482,10.93722036,482,18.89156243
,,484,14.36200653,484,10.16388154,484,19.0020394,484,18.11822362,484,12.13037167,484,12.32923022,242,6.901561508,242,7.018537126,242,17.75522785,242,9.445781216,484,11.13607891,484,18.89156243
,,486,14.36200653,486,10.60578944,486,19.4439473,486,18.33917757,486,12.13037167,486,12.32923022,243,6.901561508,243,7.135512745,243,17.75522785,243,9.445781216,486,10.93722036,486,18.76727584
,,488,13.92009863,488,9.942927596,488,19.22299335,488,18.11822362,488,12.13037167,488,12.72694732,244,7.018537126,244,7.135512745,244,17.75522785,244,9.445781216,488,10.93722036,488,19.01584903
,,490,14.14105258,490,9.942927596,490,19.22299335,490,18.11822362,490,11.93151311,490,12.52808877,245,7.018537126,245,7.018537126,245,17.89726967,245,9.611496676,490,10.93722036,490,19.14013562
,,492,14.36200653,492,10.16388154,492,19.22299335,492,18.33917757,492,12.13037167,492,12.52808877,246,6.901561508,246,7.135512745,246,17.75522785,246,9.445781216,492,10.93722036,492,18.89156243
,,494,14.14105258,494,10.38483549,494,19.22299335,494,18.33917757,494,11.93151311,494,12.32923022,247,6.784585889,247,7.135512745,247,17.75522785,247,9.777212136,494,11.13607891,494,18.89156243
,,496,14.36200653,496,10.38483549,496,19.22299335,496,18.33917757,496,11.93151311,496,12.52808877,248,6.901561508,248,7.252488364,248,17.61318603,248,9.445781216,496,10.93722036,496,19.26442222
,,498,13.92009863,498,10.16388154,498,19.22299335,498,18.33917757,498,11.73265456,498,12.32923022,249,6.784585889,249,7.252488364,249,17.75522785,249,9.445781216,498,11.13607891,498,18.89156243
,,500,14.36200653,500,10.16388154,500,19.4439473,500,18.33917757,,,,,250,6.901561508,250,6.784585889,250,18.03931149,250,9.611496676,500,10.93722036,500,19.14013562
,,,,502,10.38483549,,,,,,,,,251,7.018537126,251,7.018537126,251,17.4711442,251,9.611496676,,,,
,,,,,,,,,,,,,,252,6.901561508,252,7.252488364,252,17.61318603,252,9.611496676,,,,
,,,,,,,,,,,,,,253,7.135512745,253,7.135512745,253,17.75522785,253,9.445781216,,,,
,,,,,,,,,,,,,,254,6.901561508,254,7.369463983,254,17.4711442,254,9.777212136,,,,
,,,,,,,,,,,,,,255,6.901561508,255,7.252488364,255,17.89726967,255,9.611496676,,,,
,,,,,,,,,,,,,,256,7.018537126,256,6.66761027,256,17.89726967,256,9.611496676,,,,
,,,,,,,,,,,,,,257,7.018537126,257,7.252488364,257,17.89726967,257,9.445781216,,,,
,,,,,,,,,,,,,,258,6.901561508,258,7.369463983,258,17.75522785,258,9.611496676,,,,
,,,,,,,,,,,,,,259,6.901561508,259,7.252488364,259,17.4711442,259,9.777212136,,,,
,,,,,,,,,,,,,,260,6.784585889,260,7.369463983,260,17.75522785,260,9.611496676,,,,
,,,,,,,,,,,,,,261,6.901561508,261,7.369463983,261,17.61318603,261,9.777212136,,,,
,,,,,,,,,,,,,,262,6.901561508,262,7.369463983,262,18.03931149,262,9.611496676,,,,
,,,,,,,,,,,,,,263,6.901561508,263,7.369463983,263,17.89726967,263,9.611496676,,,,
,,,,,,,,,,,,,,264,7.135512745,264,7.135512745,264,17.4711442,264,9.777212136,,,,
,,,,,,,,,,,,,,265,7.018537126,265,7.135512745,265,17.89726967,265,9.611496676,,,,
,,,,,,,,,,,,,,266,7.018537126,266,7.369463983,266,17.61318603,266,9.611496676,,,,
,,,,,,,,,,,,,,267,7.018537126,267,7.252488364,267,17.4711442,267,9.942927596,,,,
,,,,,,,,,,,,,,268,7.018537126,268,7.369463983,268,17.89726967,268,9.777212136,,,,
,,,,,,,,,,,,,,269,7.135512745,269,7.369463983,269,17.89726967,269,9.777212136,,,,
,,,,,,,,,,,,,,270,7.018537126,270,7.486439601,270,17.4711442,270,9.777212136,,,,
,,,,,,,,,,,,,,271,7.018537126,271,7.60341522,271,17.75522785,271,9.777212136,,,,
,,,,,,,,,,,,,,272,7.135512745,272,7.135512745,272,17.89726967,272,9.942927596,,,,
,,,,,,,,,,,,,,273,7.018537126,273,7.369463983,273,17.75522785,273,9.777212136,,,,
,,,,,,,,,,,,,,274,7.018537126,274,7.369463983,274,17.75522785,274,9.777212136,,,,
,,,,,,,,,,,,,,275,7.135512745,275,7.135512745,275,17.61318603,275,9.777212136,,,,
,,,,,,,,,,,,,,276,7.135512745,276,7.369463983,276,17.61318603,276,9.777212136,,,,
,,,,,,,,,,,,,,277,7.135512745,277,7.369463983,277,17.4711442,277,9.942927596,,,,
,,,,,,,,,,,,,,278,7.135512745,278,7.486439601,278,17.61318603,278,9.777212136,,,,
,,,,,,,,,,,,,,279,7.135512745,279,7.369463983,279,17.61318603,279,9.942927596,,,,
,,,,,,,,,,,,,,280,7.018537126,280,7.135512745,280,17.32910238,280,9.777212136,,,,
,,,,,,,,,,,,,,281,7.135512745,281,7.369463983,281,16.90297691,281,9.777212136,,,,
,,,,,,,,,,,,,,282,7.135512745,282,7.486439601,282,18.03931149,282,9.942927596,,,,
,,,,,,,,,,,,,,283,7.252488364,283,7.486439601,283,18.18135332,283,9.777212136,,,,
,,,,,,,,,,,,,,284,7.135512745,284,7.252488364,284,18.03931149,284,9.942927596,,,,
,,,,,,,,,,,,,,285,7.018537126,285,7.486439601,285,17.89726967,285,9.942927596,,,,
,,,,,,,,,,,,,,286,7.018537126,286,7.369463983,286,18.18135332,286,10.10864306,,,,
,,,,,,,,,,,,,,287,7.135512745,287,7.486439601,287,18.18135332,287,10.10864306,,,,
,,,,,,,,,,,,,,288,7.252488364,288,7.486439601,288,18.18135332,288,9.777212136,,,,
,,,,,,,,,,,,,,289,7.135512745,289,7.369463983,289,18.03931149,289,10.27435852,,,,
,,,,,,,,,,,,,,290,7.135512745,290,7.369463983,290,18.03931149,290,10.10864306,,,,
,,,,,,,,,,,,,,291,7.135512745,291,7.252488364,291,18.18135332,291,9.942927596,,,,
,,,,,,,,,,,,,,292,6.901561508,292,7.60341522,292,18.03931149,292,10.10864306,,,,
,,,,,,,,,,,,,,293,7.135512745,293,7.486439601,293,18.18135332,293,10.27435852,,,,
,,,,,,,,,,,,,,294,7.018537126,294,7.486439601,294,18.32339514,294,10.10864306,,,,
,,,,,,,,,,,,,,295,7.018537126,295,7.486439601,295,18.18135332,295,9.942927596,,,,
,,,,,,,,,,,,,,296,7.018537126,296,7.486439601,296,18.18135332,296,10.10864306,,,,
,,,,,,,,,,,,,,297,7.135512745,297,7.60341522,297,18.03931149,297,10.27435852,,,,
,,,,,,,,,,,,,,298,7.018537126,298,7.369463983,298,18.03931149,298,10.44007398,,,,
,,,,,,,,,,,,,,299,7.135512745,299,7.486439601,299,18.18135332,299,10.10864306,,,,
,,,,,,,,,,,,,,300,7.018537126,300,7.486439601,300,18.32339514,300,10.10864306,,,,
,,,,,,,,,,,,,,301,7.252488364,301,7.60341522,301,18.46543696,301,10.10864306,,,,
,,,,,,,,,,,,,,302,7.018537126,302,7.720390839,302,18.32339514,302,10.44007398,,,,
,,,,,,,,,,,,,,303,7.018537126,303,7.369463983,303,18.18135332,303,10.27435852,,,,
,,,,,,,,,,,,,,304,7.018537126,304,7.60341522,304,18.03931149,304,10.10864306,,,,
,,,,,,,,,,,,,,305,7.135512745,305,7.720390839,305,18.03931149,305,10.27435852,,,,
,,,,,,,,,,,,,,306,7.135512745,306,7.720390839,306,18.32339514,306,10.10864306,,,,
,,,,,,,,,,,,,,307,7.135512745,307,7.837366458,307,18.32339514,307,10.27435852,,,,
,,,,,,,,,,,,,,308,7.018537126,308,7.60341522,308,18.03931149,308,10.10864306,,,,
,,,,,,,,,,,,,,309,7.018537126,309,7.720390839,309,18.03931149,309,10.27435852,,,,
,,,,,,,,,,,,,,310,7.135512745,310,7.486439601,310,18.32339514,310,10.44007398,,,,
,,,,,,,,,,,,,,311,7.252488364,311,7.60341522,311,18.18135332,311,10.27435852,,,,
,,,,,,,,,,,,,,312,7.252488364,312,7.837366458,312,17.89726967,312,10.44007398,,,,
,,,,,,,,,,,,,,313,7.135512745,313,7.954342076,313,18.32339514,313,10.10864306,,,,
,,,,,,,,,,,,,,314,7.135512745,314,7.954342076,314,18.32339514,314,10.44007398,,,,
,,,,,,,,,,,,,,315,6.901561508,315,7.837366458,315,18.46543696,315,10.44007398,,,,
,,,,,,,,,,,,,,316,7.135512745,316,8.071317695,316,18.18135332,316,9.942927596,,,,
,,,,,,,,,,,,,,317,7.252488364,317,7.837366458,317,18.32339514,317,10.44007398,,,,
,,,,,,,,,,,,,,318,7.135512745,318,7.720390839,318,18.18135332,318,10.27435852,,,,
,,,,,,,,,,,,,,319,7.018537126,319,7.954342076,319,18.18135332,319,10.44007398,,,,
,,,,,,,,,,,,,,320,7.135512745,320,7.837366458,320,18.18135332,320,10.60578944,,,,
,,,,,,,,,,,,,,321,7.018537126,321,7.60341522,321,18.32339514,321,10.60578944,,,,
,,,,,,,,,,,,,,322,7.135512745,322,7.954342076,322,18.03931149,322,10.7715049,,,,
,,,,,,,,,,,,,,323,7.135512745,323,7.837366458,323,18.18135332,323,10.44007398,,,,
,,,,,,,,,,,,,,324,7.135512745,324,7.837366458,324,18.18135332,324,10.7715049,,,,
,,,,,,,,,,,,,,325,7.018537126,325,7.954342076,325,18.32339514,325,10.27435852,,,,
,,,,,,,,,,,,,,326,7.135512745,326,7.837366458,326,18.18135332,326,10.27435852,,,,
,,,,,,,,,,,,,,327,7.135512745,327,8.188293314,327,18.32339514,327,10.60578944,,,,
,,,,,,,,,,,,,,328,7.135512745,328,7.954342076,328,18.18135332,328,10.44007398,,,,
,,,,,,,,,,,,,,329,7.018537126,329,7.954342076,329,18.18135332,329,10.60578944,,,,
,,,,,,,,,,,,,,330,7.252488364,330,8.188293314,330,18.03931149,330,10.60578944,,,,
,,,,,,,,,,,,,,331,7.252488364,331,8.071317695,331,18.03931149,331,10.60578944,,,,
,,,,,,,,,,,,,,332,7.018537126,332,8.188293314,332,18.03931149,332,10.7715049,,,,
,,,,,,,,,,,,,,333,7.252488364,333,7.954342076,333,18.18135332,333,10.7715049,,,,
,,,,,,,,,,,,,,334,7.135512745,334,7.954342076,334,18.18135332,334,10.7715049,,,,
,,,,,,,,,,,,,,335,7.135512745,335,8.188293314,335,18.18135332,335,10.7715049,,,,
,,,,,,,,,,,,,,336,7.135512745,336,7.954342076,336,18.03931149,336,10.7715049,,,,
,,,,,,,,,,,,,,337,7.135512745,337,8.071317695,337,18.18135332,337,10.7715049,,,,
,,,,,,,,,,,,,,338,7.018537126,338,7.954342076,338,18.18135332,338,10.44007398,,,,
,,,,,,,,,,,,,,339,7.252488364,339,7.954342076,339,18.18135332,339,10.7715049,,,,
,,,,,,,,,,,,,,340,7.135512745,340,7.60341522,340,18.18135332,340,10.44007398,,,,
,,,,,,,,,,,,,,341,7.135512745,341,7.60341522,341,18.32339514,341,10.7715049,,,,
,,,,,,,,,,,,,,342,7.135512745,342,7.954342076,342,18.18135332,342,10.7715049,,,,
,,,,,,,,,,,,,,343,7.135512745,343,7.837366458,343,18.18135332,343,10.7715049,,,,
,,,,,,,,,,,,,,344,7.252488364,344,8.188293314,344,18.32339514,344,10.93722036,,,,
,,,,,,,,,,,,,,345,7.135512745,345,7.954342076,345,18.32339514,345,10.93722036,,,,
,,,,,,,,,,,,,,346,7.135512745,346,8.071317695,346,18.18135332,346,10.7715049,,,,
,,,,,,,,,,,,,,347,7.135512745,347,7.954342076,347,18.32339514,347,11.10293582,,,,
,,,,,,,,,,,,,,348,7.252488364,348,7.954342076,348,18.46543696,348,10.7715049,,,,
,,,,,,,,,,,,,,349,7.369463983,349,8.071317695,349,18.18135332,349,10.93722036,,,,
,,,,,,,,,,,,,,350,7.135512745,350,8.071317695,350,18.32339514,350,10.93722036,,,,
,,,,,,,,,,,,,,351,7.252488364,351,7.954342076,351,18.32339514,351,10.93722036,,,,
,,,,,,,,,,,,,,352,7.369463983,352,8.188293314,352,18.46543696,352,10.93722036,,,,
,,,,,,,,,,,,,,353,7.252488364,353,7.954342076,353,18.46543696,353,10.7715049,,,,
,,,,,,,,,,,,,,354,7.252488364,354,8.188293314,354,18.46543696,354,11.10293582,,,,
,,,,,,,,,,,,,,355,7.135512745,355,8.422244552,355,18.32339514,355,10.93722036,,,,
,,,,,,,,,,,,,,356,7.252488364,356,8.188293314,356,18.32339514,356,11.10293582,,,,
,,,,,,,,,,,,,,357,7.252488364,357,8.305268933,357,18.46543696,357,11.26865128,,,,
,,,,,,,,,,,,,,358,7.252488364,358,8.422244552,358,18.32339514,358,10.93722036,,,,
,,,,,,,,,,,,,,359,7.252488364,359,8.188293314,359,18.32339514,359,11.43436673,,,,
,,,,,,,,,,,,,,360,7.135512745,360,8.071317695,360,18.46543696,360,10.93722036,,,,
,,,,,,,,,,,,,,361,7.135512745,361,8.188293314,361,18.32339514,361,11.26865128,,,,
,,,,,,,,,,,,,,362,7.135512745,362,8.305268933,362,18.32339514,362,11.26865128,,,,
,,,,,,,,,,,,,,363,7.135512745,363,8.071317695,363,18.32339514,363,11.10293582,,,,
,,,,,,,,,,,,,,364,7.135512745,364,8.305268933,364,18.18135332,364,11.26865128,,,,
,,,,,,,,,,,,,,365,7.252488364,365,8.071317695,365,18.46543696,365,11.10293582,,,,
,,,,,,,,,,,,,,366,7.135512745,366,8.53922017,366,18.46543696,366,11.26865128,,,,
,,,,,,,,,,,,,,367,7.135512745,367,8.305268933,367,18.32339514,367,11.43436673,,,,
,,,,,,,,,,,,,,368,7.018537126,368,8.305268933,368,18.32339514,368,11.26865128,,,,
,,,,,,,,,,,,,,369,7.135512745,369,8.305268933,369,18.46543696,369,11.26865128,,,,
,,,,,,,,,,,,,,370,7.135512745,370,8.305268933,370,18.46543696,370,11.26865128,,,,
,,,,,,,,,,,,,,371,7.135512745,371,8.422244552,371,18.18135332,371,11.26865128,,,,
,,,,,,,,,,,,,,372,7.135512745,372,8.188293314,372,18.32339514,372,11.43436673,,,,
,,,,,,,,,,,,,,373,7.252488364,373,8.422244552,373,18.32339514,373,11.43436673,,,,
,,,,,,,,,,,,,,374,7.252488364,374,8.305268933,374,18.18135332,374,11.60008219,,,,
,,,,,,,,,,,,,,375,7.252488364,375,8.071317695,375,18.46543696,375,11.43436673,,,,
,,,,,,,,,,,,,,376,7.135512745,376,8.422244552,376,18.18135332,376,11.60008219,,,,
,,,,,,,,,,,,,,377,7.135512745,377,8.305268933,377,18.46543696,377,11.60008219,,,,
,,,,,,,,,,,,,,378,7.135512745,378,8.422244552,378,18.60747879,378,11.26865128,,,,
,,,,,,,,,,,,,,379,7.135512745,379,8.305268933,379,18.32339514,379,11.60008219,,,,
,,,,,,,,,,,,,,380,7.252488364,380,8.422244552,380,18.32339514,380,11.43436673,,,,
,,,,,,,,,,,,,,381,7.252488364,381,8.53922017,381,18.32339514,381,11.60008219,,,,
,,,,,,,,,,,,,,382,7.252488364,382,8.53922017,382,18.46543696,382,11.93151311,,,,
,,,,,,,,,,,,,,383,7.135512745,383,8.53922017,383,18.46543696,383,11.60008219,,,,
,,,,,,,,,,,,,,384,7.135512745,384,8.53922017,384,18.46543696,384,11.60008219,,,,
,,,,,,,,,,,,,,385,7.135512745,385,8.53922017,385,18.32339514,385,11.60008219,,,,
,,,,,,,,,,,,,,386,7.252488364,386,8.422244552,386,18.32339514,386,11.60008219,,,,
,,,,,,,,,,,,,,387,7.135512745,387,8.53922017,387,18.46543696,387,11.60008219,,,,
,,,,,,,,,,,,,,388,7.135512745,388,8.422244552,388,18.60747879,388,11.76579765,,,,
,,,,,,,,,,,,,,389,7.135512745,389,8.422244552,389,18.18135332,389,11.76579765,,,,
,,,,,,,,,,,,,,390,7.252488364,390,8.305268933,390,18.74952061,390,11.43436673,,,,
,,,,,,,,,,,,,,391,7.018537126,391,8.188293314,391,18.46543696,391,11.76579765,,,,
,,,,,,,,,,,,,,392,7.018537126,392,8.422244552,392,18.60747879,392,11.60008219,,,,
,,,,,,,,,,,,,,393,7.135512745,393,8.305268933,393,18.32339514,393,11.93151311,,,,
,,,,,,,,,,,,,,394,7.135512745,394,8.305268933,394,18.46543696,394,11.76579765,,,,
,,,,,,,,,,,,,,395,7.252488364,395,8.422244552,395,18.60747879,395,11.60008219,,,,
,,,,,,,,,,,,,,396,7.252488364,396,8.656195789,396,18.60747879,396,11.76579765,,,,
,,,,,,,,,,,,,,397,7.018537126,397,8.656195789,397,18.60747879,397,11.60008219,,,,
,,,,,,,,,,,,,,398,7.135512745,398,8.53922017,398,18.46543696,398,11.76579765,,,,
,,,,,,,,,,,,,,399,7.135512745,399,8.773171408,399,18.32339514,399,11.93151311,,,,
,,,,,,,,,,,,,,400,7.252488364,400,8.305268933,400,18.32339514,400,11.76579765,,,,
,,,,,,,,,,,,,,401,7.135512745,401,8.53922017,401,18.18135332,401,11.93151311,,,,
,,,,,,,,,,,,,,402,7.018537126,402,8.53922017,402,18.46543696,402,11.76579765,,,,
,,,,,,,,,,,,,,403,7.135512745,403,8.53922017,403,18.60747879,403,12.09722857,,,,
,,,,,,,,,,,,,,404,7.018537126,404,8.305268933,404,18.32339514,404,11.76579765,,,,
,,,,,,,,,,,,,,405,7.135512745,405,8.53922017,405,18.60747879,405,11.93151311,,,,
,,,,,,,,,,,,,,406,7.135512745,406,8.656195789,406,18.32339514,406,11.93151311,,,,
,,,,,,,,,,,,,,407,7.018537126,407,8.656195789,407,18.60747879,407,11.76579765,,,,
,,,,,,,,,,,,,,408,7.135512745,408,8.422244552,408,18.60747879,408,12.09722857,,,,
,,,,,,,,,,,,,,409,7.135512745,409,8.305268933,409,18.60747879,409,11.93151311,,,,
,,,,,,,,,,,,,,410,7.018537126,410,8.773171408,410,18.32339514,410,11.76579765,,,,
,,,,,,,,,,,,,,411,7.018537126,411,8.53922017,411,18.32339514,411,12.09722857,,,,
,,,,,,,,,,,,,,412,7.252488364,412,8.890147027,412,18.32339514,412,12.09722857,,,,
,,,,,,,,,,,,,,413,7.135512745,413,8.773171408,413,18.32339514,413,12.09722857,,,,
,,,,,,,,,,,,,,414,7.135512745,414,8.656195789,414,18.60747879,414,11.93151311,,,,
,,,,,,,,,,,,,,415,7.018537126,415,8.773171408,415,18.60747879,415,11.76579765,,,,
,,,,,,,,,,,,,,416,7.135512745,416,8.773171408,416,18.60747879,416,12.09722857,,,,
,,,,,,,,,,,,,,417,7.135512745,417,8.656195789,417,18.89156243,417,11.93151311,,,,
,,,,,,,,,,,,,,418,7.018537126,418,8.656195789,418,18.46543696,418,11.93151311,,,,
,,,,,,,,,,,,,,419,7.252488364,419,8.656195789,419,18.60747879,419,11.93151311,,,,
,,,,,,,,,,,,,,420,6.901561508,420,9.007122645,420,18.60747879,420,11.93151311,,,,
,,,,,,,,,,,,,,421,7.018537126,421,8.53922017,421,18.46543696,421,12.09722857,,,,
,,,,,,,,,,,,,,422,7.135512745,422,8.53922017,422,18.32339514,422,11.43436673,,,,
,,,,,,,,,,,,,,423,7.252488364,423,8.773171408,423,18.60747879,423,11.93151311,,,,
,,,,,,,,,,,,,,424,7.018537126,424,8.773171408,424,18.74952061,424,12.26294403,,,,
,,,,,,,,,,,,,,425,7.135512745,425,8.422244552,425,18.60747879,425,11.76579765,,,,
,,,,,,,,,,,,,,426,6.784585889,426,8.656195789,426,18.46543696,426,11.93151311,,,,
,,,,,,,,,,,,,,427,6.901561508,427,8.53922017,427,18.32339514,427,12.09722857,,,,
,,,,,,,,,,,,,,428,6.901561508,428,8.773171408,428,18.74952061,428,11.76579765,,,,
,,,,,,,,,,,,,,429,7.018537126,429,8.071317695,429,18.46543696,429,11.93151311,,,,
,,,,,,,,,,,,,,430,7.135512745,430,8.53922017,430,18.60747879,430,12.09722857,,,,
,,,,,,,,,,,,,,431,7.018537126,431,8.656195789,431,18.74952061,431,12.09722857,,,,
,,,,,,,,,,,,,,432,7.135512745,432,8.53922017,432,18.89156243,432,12.09722857,,,,
,,,,,,,,,,,,,,433,7.252488364,433,8.656195789,433,18.60747879,433,12.09722857,,,,
,,,,,,,,,,,,,,434,7.135512745,434,8.656195789,434,18.74952061,434,12.09722857,,,,
,,,,,,,,,,,,,,435,7.135512745,435,8.890147027,435,18.60747879,435,11.93151311,,,,
,,,,,,,,,,,,,,436,7.252488364,436,8.773171408,436,18.74952061,436,12.09722857,,,,
,,,,,,,,,,,,,,437,7.135512745,437,8.773171408,437,18.74952061,437,12.26294403,,,,
,,,,,,,,,,,,,,438,7.252488364,438,8.656195789,438,18.74952061,438,12.26294403,,,,
,,,,,,,,,,,,,,439,7.135512745,439,8.656195789,439,18.46543696,439,12.09722857,,,,
,,,,,,,,,,,,,,440,7.252488364,440,8.656195789,440,18.46543696,440,12.26294403,,,,
,,,,,,,,,,,,,,441,7.135512745,441,8.890147027,441,18.74952061,441,12.26294403,,,,
,,,,,,,,,,,,,,442,7.135512745,442,8.773171408,442,18.89156243,442,12.26294403,,,,
,,,,,,,,,,,,,,443,7.018537126,443,8.773171408,443,18.89156243,443,11.93151311,,,,
,,,,,,,,,,,,,,444,7.135512745,444,8.890147027,444,18.32339514,444,12.42865949,,,,
,,,,,,,,,,,,,,445,7.369463983,445,8.656195789,445,18.74952061,445,12.26294403,,,,
,,,,,,,,,,,,,,446,7.252488364,446,8.890147027,446,18.74952061,446,12.42865949,,,,
,,,,,,,,,,,,,,447,7.252488364,447,8.773171408,447,18.46543696,447,12.09722857,,,,
,,,,,,,,,,,,,,448,7.369463983,448,8.773171408,448,19.17564608,448,12.42865949,,,,
,,,,,,,,,,,,,,449,7.018537126,449,8.773171408,449,18.60747879,449,12.42865949,,,,
,,,,,,,,,,,,,,450,7.369463983,450,8.890147027,450,18.74952061,450,12.26294403,,,,
,,,,,,,,,,,,,,451,7.252488364,451,8.773171408,451,18.74952061,451,12.26294403,,,,
,,,,,,,,,,,,,,452,6.901561508,452,8.773171408,452,18.60747879,452,12.26294403,,,,
,,,,,,,,,,,,,,453,7.135512745,453,8.656195789,453,18.74952061,453,12.09722857,,,,
,,,,,,,,,,,,,,454,7.135512745,454,8.773171408,454,18.32339514,454,12.42865949,,,,
,,,,,,,,,,,,,,455,7.252488364,455,8.656195789,455,18.89156243,455,12.26294403,,,,
,,,,,,,,,,,,,,456,7.018537126,456,8.773171408,456,18.60747879,456,12.26294403,,,,
,,,,,,,,,,,,,,457,7.135512745,457,8.422244552,457,18.74952061,457,12.59437495,,,,
,,,,,,,,,,,,,,458,7.018537126,458,8.773171408,458,18.74952061,458,12.26294403,,,,
,,,,,,,,,,,,,,459,7.018537126,459,8.890147027,459,18.32339514,459,12.42865949,,,,
,,,,,,,,,,,,,,460,7.135512745,460,8.422244552,460,18.74952061,460,12.26294403,,,,
,,,,,,,,,,,,,,461,7.135512745,461,8.53922017,461,18.89156243,461,12.26294403,,,,
,,,,,,,,,,,,,,462,7.252488364,462,8.656195789,462,18.89156243,462,12.42865949,,,,
,,,,,,,,,,,,,,463,7.018537126,463,8.890147027,463,18.60747879,463,12.42865949,,,,
,,,,,,,,,,,,,,464,7.135512745,464,8.890147027,464,18.74952061,464,12.59437495,,,,
,,,,,,,,,,,,,,465,7.252488364,465,8.53922017,465,18.46543696,465,12.59437495,,,,
,,,,,,,,,,,,,,466,7.252488364,466,8.890147027,466,18.74952061,466,12.42865949,,,,
,,,,,,,,,,,,,,467,7.135512745,467,8.890147027,467,18.32339514,467,12.26294403,,,,
,,,,,,,,,,,,,,468,7.135512745,468,8.656195789,468,18.74952061,468,12.26294403,,,,
,,,,,,,,,,,,,,469,7.135512745,469,8.656195789,469,18.89156243,469,12.26294403,,,,
,,,,,,,,,,,,,,470,7.252488364,470,9.007122645,470,18.60747879,470,12.59437495,,,,
,,,,,,,,,,,,,,471,7.252488364,471,8.656195789,471,18.74952061,471,12.26294403,,,,
,,,,,,,,,,,,,,472,7.486439601,472,8.656195789,472,18.89156243,472,12.42865949,,,,
,,,,,,,,,,,,,,473,7.252488364,473,9.007122645,473,18.74952061,473,12.42865949,,,,
,,,,,,,,,,,,,,474,7.252488364,474,8.53922017,474,18.74952061,474,12.42865949,,,,
,,,,,,,,,,,,,,475,7.369463983,475,9.007122645,475,18.89156243,475,12.42865949,,,,
,,,,,,,,,,,,,,476,7.369463983,476,8.773171408,476,18.89156243,476,12.09722857,,,,
,,,,,,,,,,,,,,477,7.252488364,477,8.656195789,477,18.60747879,477,12.42865949,,,,
,,,,,,,,,,,,,,478,7.369463983,478,8.890147027,478,18.89156243,478,12.42865949,,,,
,,,,,,,,,,,,,,479,7.252488364,479,8.773171408,479,19.03360425,479,12.59437495,,,,
,,,,,,,,,,,,,,480,7.369463983,480,8.773171408,480,18.74952061,480,12.59437495,,,,
,,,,,,,,,,,,,,481,7.369463983,481,8.890147027,481,18.60747879,481,12.59437495,,,,
,,,,,,,,,,,,,,482,7.252488364,482,8.773171408,482,18.74952061,482,12.92580587,,,,
,,,,,,,,,,,,,,483,7.252488364,483,9.007122645,483,18.89156243,483,12.42865949,,,,
,,,,,,,,,,,,,,484,7.252488364,484,8.656195789,484,18.46543696,484,12.76009041,,,,
,,,,,,,,,,,,,,485,7.369463983,485,8.890147027,485,18.89156243,485,12.76009041,,,,
,,,,,,,,,,,,,,486,7.252488364,486,9.007122645,486,18.89156243,486,12.76009041,,,,
,,,,,,,,,,,,,,487,7.252488364,487,8.890147027,487,18.89156243,487,13.09152133,,,,
,,,,,,,,,,,,,,488,7.369463983,488,8.890147027,488,18.89156243,488,12.59437495,,,,
,,,,,,,,,,,,,,489,7.369463983,489,9.124098264,489,18.89156243,489,12.76009041,,,,
,,,,,,,,,,,,,,490,7.135512745,490,8.773171408,490,18.60747879,490,12.76009041,,,,
,,,,,,,,,,,,,,491,7.252488364,491,8.656195789,491,18.89156243,491,12.59437495,,,,
,,,,,,,,,,,,,,492,7.252488364,492,8.656195789,492,18.74952061,492,12.92580587,,,,
,,,,,,,,,,,,,,493,7.369463983,493,8.656195789,493,18.89156243,493,12.59437495,,,,
,,,,,,,,,,,,,,494,7.252488364,494,8.656195789,494,18.89156243,494,12.76009041,,,,
,,,,,,,,,,,,,,495,7.252488364,495,9.007122645,495,18.32339514,495,12.92580587,,,,
,,,,,,,,,,,,,,496,7.369463983,496,9.007122645,496,19.17564608,496,12.59437495,,,,
,,,,,,,,,,,,,,497,7.369463983,497,9.007122645,497,18.74952061,497,13.09152133,,,,
,,,,,,,,,,,,,,498,7.369463983,498,8.773171408,498,18.89156243,498,12.76009041,,,,
,,,,,,,,,,,,,,499,7.369463983,499,8.890147027,499,19.03360425,499,13.09152133,,,,
,,,,,,,,,,,,,,500,7.369463983,500,8.773171408,500,19.17564608,500,12.92580587,,,,
,,,,,,,,,,,,,,501,7.252488364,,,,,,,,,,
,,,,,,,,,,,,,,502,7.252488364,,,,,,,,,,
,,,,,,,,,,,,,,503,7.369463983,,,,,,,,,,
,,,,,,,,,,,,,,504,7.369463983,,,,,,,,,,
,,,,,,,,,,,,,,505,7.252488364,,,,,,,,,,
,,,,,,,,,,,,,,506,7.486439601,,,,,,,,,,
,,,,,,,,,,,,,,507,7.135512745,,,,,,,,,,
,,,,,,,,,,,,,,508,7.486439601,,,,,,,,,,
,,,,,,,,,,,,,,509,7.252488364,,,,,,,,,,
,,,,,,,,,,,,,,510,7.369463983,,,,,,,,,,
,,,,,,,,,,,,,,511,7.369463983,,,,,,,,,,
,,,,,,,,,,,,,,512,7.369463983,,,,,,,,,,
,,,,,,,,,,,,,,513,7.369463983,,,,,,,,,,
,,,,,,,,,,,,,,514,7.252488364,,,,,,,,,,
,,,,,,,,,,,,,,515,7.252488364,,,,,,,,,,
,,,,,,,,,,,,,,516,7.486439601,,,,,,,,,,
,,,,,,,,,,,,,,517,7.252488364,,,,,,,,,,
,,,,,,,,,,,,,,518,7.252488364,,,,,,,,,,
,,,,,,,,,,,,,,519,7.252488364,,,,,,,,,,
,,,,,,,,,,,,,,520,7.252488364,,,,,,,,,,